<?xml version='1.0' encoding='utf-8'?>
<ns0:TEI xmlns:ns0="http://www.tei-c.org/ns/1.0" xmlns:ns1="http://www.cbml.org/ns/1.0">
  <ns0:teiHeader>
    <ns0:fileDesc>
      <ns0:titleStmt>
        <ns0:title>Doraemon</ns0:title>
        <ns0:author>Fujiko F Fujio</ns0:author>
        <ns0:respStmt xml:id="eduhk.9999999">
          <ns0:persName>Doe, John</ns0:persName>
          <ns0:resp>encoder</ns0:resp>
        </ns0:respStmt>
      </ns0:titleStmt>
      <ns0:publicationStmt>
        <ns0:p>Unpublished</ns0:p>
      </ns0:publicationStmt>
      <ns0:sourceDesc>
        <ns0:p>Selected Doraemon stories.</ns0:p>
      </ns0:sourceDesc>
    </ns0:fileDesc>
  </ns0:teiHeader>
  <ns0:text>
    <ns0:body>
      <ns0:div type="chapter" id="v195s1">
        <ns0:div type="panelGrp" id="v195s1_1">
          <ns1:panel ana="#macro" characters="#noby #doraemon #manny" chapterID="v195s1">
            <ns1:caption>
               The High Rise Escape
            </ns1:caption>
          </ns1:panel>
        </ns0:div>
        <ns0:div type="panelGrp" id="v195s1_2">
          <ns1:panel ana="#scene-to-scene #mono" characters="#noby" chapterID="v195s1">
            <ns1:balloon type="speech" who="#noby">
               Walking on sunshine... 
            </ns1:balloon>
            <ns1:balloon type="speech" who="#noby">
               I love it.
            </ns1:balloon>
          </ns1:panel>
          <ns1:panel ana="#action-to-action #mono" characters="#noby" chapterID="v195s1">
            <ns0:sound>KRAK</ns0:sound>
            <ns1:balloon type="speech" who="#noby">
              <ns0:emph rendition="#b">WHOA!</ns0:emph>
            </ns1:balloon>
          </ns1:panel>
          <ns1:panel ana="#action-to-action #mono" characters="#noby" chapterID="v195s1">
            <ns1:balloon type="speech" who="#noby">
               Who did that!?
            </ns1:balloon>
          </ns1:panel>
          <ns1:panel ana="#aspect-to-aspect #macro" characters="#noby #big_g #sneech #manny" chapterID="v195s1">
            <ns1:balloon type="speech" who="#big_g">
               Nice one!
            </ns1:balloon>
            <ns1:balloon type="speech" who="#sneech">
               You hit like a pro!
            </ns1:balloon>
            <ns1:balloon type="speech" who="#manny">
               Aw, it's nothing...
            </ns1:balloon>
          </ns1:panel>
          <ns1:panel ana="#aspect-to-aspect #mono" characters="#big_g" chapterID="v195s1">
            <ns1:balloon type="speech" who="#big_g">
               Join the Giantz! We have a big game tomorrow.
            </ns1:balloon>
          </ns1:panel>
          <ns1:panel ana="#subject-to-subject #mono" characters="#manny #big_g" chapterID="v195s1">
            <ns1:balloon type="speech" who="#big_g">
               It's 1 o'clock!
            </ns1:balloon>
            <ns1:balloon type="speech" who="#manny">
               I can't.
            </ns1:balloon>
          </ns1:panel>
          <ns1:panel ana="#subject-to-subject #mono" characters="#manny_offscreen #noby" chapterID="v195s1">
            <ns1:balloon type="speech" who="#manny_offscreen">
               I'm supposed to study until 4.
            </ns1:balloon>
          </ns1:panel>
          <ns1:panel ana="#aspect-to-aspect #macro" characters="#noby #big_g #sneech #manny" chapterID="v195s1">
            <ns1:balloon type="speech" who="#sneech">
               Skipping once won’t matter.
            </ns1:balloon>
            <ns1:balloon type="speech" who="#manny">
               It will to my mom.
            </ns1:balloon>
            <ns1:balloon type="speech" who="#big_g">
               So what!? My ma’s always yelling at me.
            </ns1:balloon>
            <ns1:balloon type="speech" who="#noby">
               So is mine!
            </ns1:balloon>
          </ns1:panel>
        </ns0:div>
        <ns0:div type="panelGrp" id="v195s1_3">
          <ns1:panel ana="#moment-to-moment #macro" characters="#big_g #noby" chapterID="v195s1">
            <ns1:balloon type="speech" who="#big_g">
               Sneak out the window. I do it all the time.
            </ns1:balloon>
            <ns1:balloon type="speech" who="#noby">
               Me too. It’s a piece of cake.
            </ns1:balloon>
          </ns1:panel>
          <ns1:panel ana="#moment-to-moment #macro" characters="#noby #big_g #sneech #manny" chapterID="v195s1">
            <ns1:balloon type="speech" who="#manny">
               No way. We live on the 12th floor.
            </ns1:balloon>
            <ns1:balloon type="speech" who="#noby">
               Oh, man.
            </ns1:balloon>
          </ns1:panel>
          <ns1:panel ana="#moment-to-moment" characters="#noby #big_g #sneech" chapterID="v195s1">
            <ns1:balloon type="speech" who="#sneech">
               This stinks.
            </ns1:balloon>
            <ns1:balloon type="speech" who="#big_g">
               If you play for us, this game’s in the bag.
            </ns1:balloon>
          </ns1:panel>
          <ns1:panel ana="#moment-to-moment #mono" characters="#sneech" chapterID="v195s1">
            <ns1:balloon type="speech" who="#sneech">
               How about lending him your “Hopter”?
            </ns1:balloon>
          </ns1:panel>
          <ns1:panel ana="#subject-to-subject #mono" characters="#noby" chapterID="v195s1">
            <ns1:balloon type="speech" who="#noby">
               No way! Doraemon’ll be mad.
            </ns1:balloon>
          </ns1:panel>
          <ns1:panel ana="#moment-to-moment #macro" characters="#noby #big_g #sneech #manny" chapterID="v195s1">
            <ns1:balloon type="speech" who="#big_g">
               Then ask him for something else!
            </ns1:balloon>
            <ns1:balloon type="speech" who="#noby">
               I will, but... 
            </ns1:balloon>
          </ns1:panel>
          <ns1:panel ana="#moment-to-moment #mono" characters="#big_g #noby" chapterID="v195s1">
            <ns1:balloon type="speech" who="#big_g">
               No “buts”! We’re talking about the team’s future!
            </ns1:balloon>
          </ns1:panel>
          <ns1:panel ana="#scene-to-scene #mono" characters="#noby" chapterID="v195s1">
            <ns1:balloon type="speech" who="#noby">
               If Manny can’t make it and we lose, Big G said it’ll be my fault!
            </ns1:balloon>
          </ns1:panel>
          <ns1:panel ana="#moment-to-moment" characters="#doraemon #noby" chapterID="v195s1">
            <ns1:balloon type="speech" who="#doraemon">
               Don’t worry. I have lots of escape gadgets.
            </ns1:balloon>
            <ns1:balloon type="speech" who="#noby">
               Thanks, D. You’re the best!
            </ns1:balloon>
          </ns1:panel>
        </ns0:div>
        <ns0:div type="panelGrp" id="v195s1_4">
          <ns1:panel ana="#scene-to-scene #macro" characters="#noby #doraemon" chapterID="v195s1">
            <ns1:balloon type="speech" who="#doraemon">
               I see. Yeah, it wouldn’t be easy sneaking out of there.
            </ns1:balloon>
          </ns1:panel>
          <ns1:panel ana="#scene-to-scene #macro" characters="#noby #doraemon #manny_mum_offscreen" chapterID="v195s1">
            <ns0:sound>DiNG</ns0:sound>
            <ns0:sound>DoNG</ns0:sound>
            <ns1:balloon type="speech" who="#manny_mum_offscreen">
               Who is it?
            </ns1:balloon>
          </ns1:panel>
          <ns1:panel ana="#moment-to-moment #macro" characters="#noby #doraemon #manny_mum_offscreen" chapterID="v195s1">
            <ns1:balloon type="speech" who="#manny_mum_offscreen">
               I’m sorry, but Manny’s studying now. He can’t come out.
            </ns1:balloon>
            <ns1:balloon type="speech" who="#noby">
               Man, she's strict.
            </ns1:balloon>
          </ns1:panel>
          <ns1:panel ana="#scene-to-scene #macro" characters="#doraemon #noby" chapterID="v195s1">
            <ns1:balloon type="speech" who="#doraemon">
               I guess we’ll need to sneak in.
            </ns1:balloon>
          </ns1:panel>
          <ns1:panel ana="#scene-to-scene #macro" characters="#noby #doraemon #manny" chapterID="v195s1">
            <ns1:balloon type="speech" who="#noby">
               Hiya! Your rescue team is here!
            </ns1:balloon>
          </ns1:panel>
          <ns1:panel ana="#moment-to-moment #mono" characters="#noby #doraemon #manny_mum_offscreen" chapterID="v195s1">
            <ns1:balloon type="speech" who="#manny_mum_offscreen">
               Manny? Is somebody there?
            </ns1:balloon>
          </ns1:panel>
          <ns1:panel ana="#subject-to-subject #mono" characters="#manny" chapterID="v195s1">
            <ns1:balloon type="speech" who="#manny">
               Of course not. I’m talking to myself!
            </ns1:balloon>
          </ns1:panel>
          <ns1:panel ana="#moment-to-moment #macro" characters="#noby #doraemon #manny_mum_offscreen #manny" chapterID="v195s1">
            <ns1:balloon type="speech" who="#manny_mum_offscreen">
               Focus, honey. Study hard!
            </ns1:balloon>
            <ns1:balloon type="speech" who="#manny">
               Okay, mom.
            </ns1:balloon>
          </ns1:panel>
        </ns0:div>
        <ns0:div type="panelGrp" id="v195s1_5">
          <ns1:panel ana="#moment-to-moment #mono" characters="#noby" chapterID="v195s1">
            <ns1:balloon type="speech" who="#noby">
               Lend him a “Hopter” or the “Anywhere Door.”
            </ns1:balloon>
          </ns1:panel>
          <ns1:panel ana="#subject-to-subject #mono" characters="#doraemon" chapterID="v195s1">
            <ns1:balloon type="speech" who="#doraemon">
               I’m out of “Hopters,” and the “Anywhere Door” is in the shop.
            </ns1:balloon>
          </ns1:panel>
          <ns1:panel ana="#moment-to-moment #macro" characters="#noby #manny #doraemon" chapterID="v195s1">
            <ns1:balloon type="speech" who="#doraemon">
               But I have other stuff.
            </ns1:balloon>
          </ns1:panel>
          <ns1:panel ana="#action-to-action #micro" characters="#doraemon" chapterID="v195s1">
            <ns1:balloon type="speech" who="#doraemon">
               “Kids’ Parachute Gloves.”
            </ns1:balloon>
          </ns1:panel>
          <ns1:panel ana="#moment-to-moment #macro" characters="#manny #noby #doraemon" chapterID="v195s1">
            <ns1:balloon type="speech" who="#manny">
               I wear it on the left?
            </ns1:balloon>
            <ns1:balloon type="speech" who="#doraemon">
               Let’s test ‘em.
            </ns1:balloon>
          </ns1:panel>
          <ns1:panel ana="#scene-to-scene #macro" characters="#manny #noby #doraemon" chapterID="v195s1">
            <ns1:balloon type="speech" who="#manny">
               Jump off the balcony.
            </ns1:balloon>
          </ns1:panel>
          <ns1:panel ana="#moment-to-moment #macro" characters="#manny #noby #doraemon" chapterID="v195s1">
            <ns0:sound>Poff</ns0:sound>
            <ns0:sound>Poff</ns0:sound>
            <ns1:balloon type="speech" who="#doraemon">
               See? It opened all by itself.
            </ns1:balloon>
          </ns1:panel>
          <ns1:panel ana="#action-to-action #macro" characters="#noby #doraemon #manny" chapterID="v195s1">
            <ns0:sound>WSSH</ns0:sound>
          </ns1:panel>
          <ns1:panel ana="#moment-to-moment #mono" characters="#manny" chapterID="v195s1">
            <ns1:balloon type="speech" who="#manny">
               I'm falling!
            </ns1:balloon>
            <ns1:balloon type="speech" who="#manny">
               Help!
            </ns1:balloon>
          </ns1:panel>
        </ns0:div>
        <ns0:div type="panelGrp" id="v195s1_6">
          <ns1:panel ana="#scene-to-scene #macro" characters="#manny #noby #doraemon" chapterID="v195s1">
            <ns1:balloon type="speech" who="#doraemon">
               You're too heavy.
            </ns1:balloon>
          </ns1:panel>
          <ns1:panel ana="#moment-to-moment #macro" characters="#manny #noby #doraemon" chapterID="v195s1">
            <ns1:balloon type="speech" who="#manny">
               Forget it! It’s too dangerous.
            </ns1:balloon>
            <ns1:balloon type="speech" who="#doraemon">
               Hold on. Here’s a different one.
            </ns1:balloon>
          </ns1:panel>
          <ns1:panel ana="#action-to-action #micro" characters="#doraemon" chapterID="v195s1">
            <ns1:balloon type="speech" who="#doraemon">
               “Jack’s Beanstalk Roots.”
            </ns1:balloon>
          </ns1:panel>
          <ns1:panel ana="#moment-to-moment #macro" characters="#manny #noby #doraemon" chapterID="v195s1">
            <ns1:balloon type="speech" who="#manny">
               We plant the seeds.
            </ns1:balloon>
          </ns1:panel>
          <ns1:panel ana="#moment-to-moment #mono" characters="doraemon_offscreen" chapterID="v195s1">
            <ns1:balloon type="speech" who="doraemon_offscreen">
               It sprouts instantly.
            </ns1:balloon>
          </ns1:panel>
          <ns1:panel ana="#moment-to-moment #macro" characters="#doraemon" chapterID="v195s1">
            <ns1:balloon type="speech" who="#doraemon">
               Then grows roots.
            </ns1:balloon>
          </ns1:panel>
          <ns1:panel ana="#aspect-to-aspect #macro" characters="#manny #noby #doraemon" chapterID="v195s1">
            <ns1:balloon type="speech" who="#doraemon">
               Now you have a “ladder” to go down!
            </ns1:balloon>
          </ns1:panel>
        </ns0:div>
        <ns0:div type="panelGrp" id="v195s1_7">
          <ns1:panel ana="#action-to-action #macro" characters="#manny #noby #doraemon" chapterID="v195s1">
            <ns1:balloon type="speech" who="#noby">
               Grab the roots!
            </ns1:balloon>
            <ns1:balloon type="speech" who="#manny">
               No way!
            </ns1:balloon>
          </ns1:panel>
          <ns1:panel ana="#action-to-action #macro" characters="#manny #noby #doraemon" chapterID="v195s1">
            <ns1:balloon type="speech" who="#manny">
               I’m scared of heights!
            </ns1:balloon>
            <ns1:balloon type="speech" who="#noby">
               What!?
            </ns1:balloon>
          </ns1:panel>
          <ns1:panel ana="#scene-to-scene #macro" characters="#manny #noby #doraemon" chapterID="v195s1">
            <ns1:balloon type="speech" who="#doraemon">
               Calm down. Let’s try another.
            </ns1:balloon>
          </ns1:panel>
          <ns1:panel ana="#action-to-action #micro" characters="#doraemon" chapterID="v195s1">
            <ns1:balloon type="speech" who="#doraemon">
               The “Gravity Changer.”
            </ns1:balloon>
          </ns1:panel>
          <ns1:panel ana="#scene-to-scene #macro" characters="#manny #noby #doraemon" chapterID="v195s1">
            <ns1:balloon type="speech" who="#doraemon">
               We go out on the balcony.
            </ns1:balloon>
            <ns1:balloon type="speech" who="#doraemon">
               Then set the needle to horizontal.
            </ns1:balloon>
          </ns1:panel>
          <ns1:panel ana="#scene-to-scene #macro" characters="#manny #noby #doraemon" chapterID="v195s1">
            <ns1:balloon type="speech" who="#manny">
              <ns0:emph rendition="#b">Huh!?</ns0:emph>
            </ns1:balloon>
            <ns1:balloon type="speech" who="#doraemon">
               See? Gravity’s shifted, but only for us.
            </ns1:balloon>
          </ns1:panel>
        </ns0:div>
        <ns0:div type="panelGrp" id="v195s1_8">
          <ns1:panel ana="#action-to-action #macro" characters="#manny #noby #doraemon" chapterID="v195s1">
            <ns1:balloon type="speech" who="#manny">
               It’s just like walking on a floor.
            </ns1:balloon>
          </ns1:panel>
          <ns1:panel ana="#moment-to-moment #macro" characters="#elderly_man_neighbour #noby #doraemon" chapterID="v195s1">
         </ns1:panel>
          <ns1:panel ana="#moment-to-moment #macro" characters="#elderly_man_neighbour_offscreen #noby #doraemon #manny" chapterID="v195s1">
            <ns1:balloon type="speech" who="#elderly_man_neighbour_offscreen">
              <ns0:emph rendition="#b">Aah!?</ns0:emph>
            </ns1:balloon>
          </ns1:panel>
          <ns1:panel ana="#action-to-action #mono" characters="#elderly_man_neighbour_offscreen #noby #doraemon" chapterID="v195s1">
            <ns1:balloon type="speech" who="#elderly_man_neighbour_offscreen">
               Burglars! Call the police!
            </ns1:balloon>
          </ns1:panel>
          <ns1:panel ana="#scene-to-scene #macro" characters="#manny #noby #doraemon" chapterID="v195s1">
            <ns1:balloon type="speech" who="#noby">
               Uh-oh. We stick out like a sore thumb.
            </ns1:balloon>
            <ns1:balloon type="speech" who="#doraemon">
               Okay. Better change gadgets.
            </ns1:balloon>
          </ns1:panel>
          <ns1:panel ana="#action-to-action #micro" characters="#doraemon" chapterID="v195s1">
            <ns1:balloon type="speech" who="#doraemon">
               “Mini Hang-Gliders.”
            </ns1:balloon>
          </ns1:panel>
          <ns1:panel ana="#subject-to-subject #macro" characters="#manny #noby #doraemon" chapterID="v195s1">
            <ns1:balloon type="speech" who="#manny">
               No, no! Forget it!
         </ns1:balloon>
            <ns1:balloon type="speech" who="#doraemon">
               Trust us. It’s great. Easy to control.
            </ns1:balloon>
          </ns1:panel>
          <ns1:panel ana="#moment-to-moment #macro" characters="#manny #noby #doraemon #manny_mum_offscreen" chapterID="v195s1">
            <ns1:balloon type="speech" who="#manny_mum_offscreen">
               Manny! I know someone’s in there!
            </ns1:balloon>
          </ns1:panel>
        </ns0:div>
        <ns0:div type="panelGrp" id="v195s1_9">
          <ns1:panel ana="#scene-to-scene #macro" characters="#noby #doraemon" chapterID="v195s1">
            <ns1:balloon type="speech" who="#noby">
               I hope he shows up tomorrow.
            </ns1:balloon>
          </ns1:panel>
          <ns1:panel ana="#scene-to-scene #mono" characters="#big_g" chapterID="v195s1">
            <ns1:caption>
               1 PM Saturday afternoon
            </ns1:caption>
            <ns1:balloon type="speech" who="#big_g">
               He's not here!
            </ns1:balloon>
          </ns1:panel>
          <ns1:panel ana="#moment-to-moment #macro" characters="#noby #doraemon #big_g #sneech #big_gtz_teammates" chapterID="v195s1">
            <ns1:balloon type="speech" who="#noby">
               We gave him a hang-glider.
            </ns1:balloon>
            <ns1:balloon type="speech" who="#doraemon">
               We did everything we could.
            </ns1:balloon>
          </ns1:panel>
          <ns1:panel ana="#scene-to-scene #mono" characters="#manny" chapterID="v195s1">
            <ns1:balloon type="speech" who="#manny">
               I dunno about this...
             </ns1:balloon>
          </ns1:panel>
          <ns1:panel ana="#action-to-action #mono" characters="#manny" chapterID="v195s1">
            <ns1:balloon type="speech" who="#manny">
               Okay. Here I go.
            </ns1:balloon>
          </ns1:panel>
          <ns1:panel ana="#action-to-action #macro" characters="#manny" chapterID="v195s1">
            <ns1:balloon type="speech" who="#manny">
               Wow! This is amazing! I’m flying! Really flying!
            </ns1:balloon>
          </ns1:panel>
          <ns1:panel ana="#scene-to-scene #macro" characters="#big_g #doraemon #noby" chapterID="v195s1">
            <ns1:balloon type="speech" who="#big_g">
               I can’t wait any more. I’ll go get him myself.
            </ns1:balloon>
          </ns1:panel>
          <ns1:panel ana="#action-to-action #micro" characters="#doraemon" chapterID="v195s1">
            <ns1:balloon type="speech" who="#doraemon">
               The “Object Swapper.”
            </ns1:balloon>
          </ns1:panel>
          <ns1:panel ana="#action-to-action #macro" characters="#big_g #doraemon #noby #sneech" chapterID="v195s1">
            <ns0:sound>FLUF</ns0:sound>
            <ns1:balloon type="speech" who="#doraemon">
               Swap Big G with Manny!
            </ns1:balloon>
          </ns1:panel>
        </ns0:div>
        <ns0:div type="panelGrp" id="v195s1_10">
          <ns1:panel ana="#action-to-action #macro" characters="#big_gtz_teammates #noby #manny #doraemon" chapterID="v195s1">
            <ns0:sound>Poff</ns0:sound>
            <ns1:balloon type="speech" who="#doraemon">
               There he is.
            </ns1:balloon>
          </ns1:panel>
          <ns1:panel ana="#scene-to-scene #mono" characters="#big_g" chapterID="v195s1">
            <ns0:sound>Poff</ns0:sound>
          </ns1:panel>
          <ns1:panel ana="#moment-to-moment #macro" characters="#big_g" chapterID="v195s1">
            <ns1:balloon type="speech" who="#big_g">
               Oh no! How do I control this thing?
            </ns1:balloon>
            <ns1:balloon type="speech" who="#big_g">
               I don’t know how to land!
            </ns1:balloon>
            <ns1:balloon type="speech" who="#big_g">
               Get me down! Somebody!
            </ns1:balloon>
          </ns1:panel>
          <ns1:panel ana="#scene-to-scene #macro" characters="#big_gtz_teammates #noby #manny #doraemon #sneech" chapterID="v195s1">
            <ns1:balloon type="speech" who="#sneech">
               Way to go, Manny!
            </ns1:balloon>
            <ns1:balloon type="speech" who="#doraemon">
               We crushed the other team!
            </ns1:balloon>
          </ns1:panel>
          <ns1:panel ana="#scene-to-scene #macro" characters="#doraemon #noby" chapterID="v195s1">
            <ns1:balloon type="speech" who="#doraemon">
               But where the heck was Big G?
            </ns1:balloon>
            <ns1:balloon type="speech" who="#noby">
               Who cares? We won.
            </ns1:balloon>
          </ns1:panel>
          <ns1:panel ana="#scene-to-scene #macro" characters="#big_g #owl" chapterID="v195s1">
            <ns1:balloon type="speech" who="#big_g">
               I finally crashed, but where the heck am I!?
            </ns1:balloon>
            <ns1:balloon type="audio" who="#big_g">
              <ns0:emph rendition="#b">HooT HooT</ns0:emph>
            </ns1:balloon>
          </ns1:panel>
        </ns0:div>
      </ns0:div>
    </ns0:body>
  </ns0:text>
</ns0:TEI>