<?xml version='1.0' encoding='utf-8'?>
<ns0:TEI xmlns:ns0="http://www.tei-c.org/ns/1.0" xmlns:ns1="http://www.cbml.org/ns/1.0">
  <ns0:teiHeader>
    <ns0:fileDesc>
      <ns0:titleStmt>
        <ns0:title>Doraemon</ns0:title>
        <ns0:author>Fujiko F Fujio</ns0:author>
        <ns0:respStmt xml:id="eduhk.9999999">
          <ns0:persName>Doe, John</ns0:persName>
          <ns0:resp>encoder</ns0:resp>
        </ns0:respStmt>
      </ns0:titleStmt>
      <ns0:publicationStmt>
        <ns0:p>Unpublished</ns0:p>
      </ns0:publicationStmt>
      <ns0:sourceDesc>
        <ns0:p>Selected Doraemon stories.</ns0:p>
      </ns0:sourceDesc>
    </ns0:fileDesc>
  </ns0:teiHeader>
  <ns0:text>
    <ns0:body>
      <ns0:div type="chapter" id="v198s9">
        <ns0:div type="panelGrp" id="v198s9_1">
          <ns1:panel ana="#macro" characters="#noby #doraemon #noby_dad" chapterID="v198s9">
            <ns1:balloon type="speech" who="#noby">
                     I want to throw some beans!
                  </ns1:balloon>
            <ns1:balloon type="speech" who="#noby_dad">
                     They're all gone now.
                  </ns1:balloon>
          </ns1:panel>
          <ns1:panel ana="#aspect-to-aspect #macro" characters="#noby #doraemon" chapterID="v198s9">
            <ns1:balloon type="speech" who="#doraemon">
                     I have something for you.
                  </ns1:balloon>
          </ns1:panel>
          <ns1:panel ana="#action-to-action #macro" characters="#noby #doraemon #robot_oni" chapterID="v198s9">
            <ns1:balloon type="speech" who="#doraemon">
                     It's a Robot Oni.
                  </ns1:balloon>
          </ns1:panel>
        </ns0:div>
        <ns0:div type="panelGrp" id="v198s9_2">
          <ns1:panel ana="#macro" characters="#robot_oni #sneech #sneech_dad" chapterID="v198s9">
            <ns1:balloon type="speech" who="#Robot_Oni">
                     R R R
                  </ns1:balloon>
            <ns1:balloon type="speech" who="#sneech_dad">
                     Begone Oni!
                  </ns1:balloon>
          </ns1:panel>
          <ns1:panel ana="#scene-to-scene #macro" characters="#shizuka #shizuka_mum #robot_oni" chapterID="v198s9">
            <ns1:balloon type="speech" who="#shizuka_mum">
                     Begone Oni!
                  </ns1:balloon>
          </ns1:panel>
          <ns1:panel ana="#scene-to-scene #macro" characters="#noby #doraemon #noby_dad #noby_mum #robot_oni" chapterID="v198s9">
            <ns1:balloon type="speech" who="#doraemon">
                     See? It caught a whole bunch.
                  </ns1:balloon>
          </ns1:panel>
        </ns0:div>
      </ns0:div>
      <ns0:div type="chapter" id="v19s3">
        <ns0:div type="panelGrp" id="v19s3_1">
          <ns1:panel ana="#macro" characters="#noby #doraemon" chapterID="v19s3">
            <ns1:caption>
                  The Around the World Quiz
               </ns1:caption>
          </ns1:panel>
        </ns0:div>
        <ns0:div type="panelGrp" id="v19s3_2">
          <ns1:panel ana="#moment-to-moment #macro" characters="#noby #doraemon" chapterID="v19s3">
            <ns1:balloon type="speech" who="#noby">
                  It’s called “riddles with punishment.”
               </ns1:balloon>
            <ns1:balloon type="speech" who="#noby">
                  It’s always like this with him.
               </ns1:balloon>
          </ns1:panel>
          <ns1:panel ana="#action-to-action #macro" characters="#noby #doraemon" chapterID="v19s3">
            <ns1:balloon type="speech" who="#noby">
                  I need a riddle-answering machine.
               </ns1:balloon>
            <ns1:balloon type="speech" who="#doraemon">
                  You're nuts.
               </ns1:balloon>
          </ns1:panel>
          <ns1:panel ana="#moment-to-moment #mono" characters="#doraemon" chapterID="v19s3">
            <ns1:balloon type="speech" who="#doraemon">
                  The whole point of a riddle is thinking up the answer!
               </ns1:balloon>
          </ns1:panel>
          <ns1:panel ana="#subject-to-subject #mono" characters="#noby" chapterID="v19s3">
            <ns1:balloon type="speech" who="#noby">
                  At this rate, Big G’s riddles are going to give me brain damage!
               </ns1:balloon>
          </ns1:panel>
          <ns1:panel ana="#subject-to-subject #macro" characters="#noby #doraemon" chapterID="v19s3">
            <ns1:balloon type="speech" who="#doraemon">
                  There’s a trick to solving riddles.
               </ns1:balloon>
            <ns1:balloon type="speech" who="#doraemon">
                  You just need practice.
               </ns1:balloon>
          </ns1:panel>
          <ns1:panel ana="#aspect-to-aspect #mono" characters="#doraemon_offscreen" chapterID="v19s3">
            <ns1:balloon type="speech" who="#doraemon_offscreen">
                  The “Action Quizzer.”
               </ns1:balloon>
            <ns1:balloon type="speech" who="#doraemon_offscreen">
                  It’s a game machine from the future.
               </ns1:balloon>
          </ns1:panel>
          <ns1:panel ana="#subject-to-subject #macro" characters="#noby #doraemon" chapterID="v19s3">
            <ns1:balloon type="speech" who="#doraemon">
                  It lets you act out riddles using future gadgets.
               </ns1:balloon>
            <ns1:balloon type="speech" who="#noby">
               I don’t really get it, but it sounds fun.
               </ns1:balloon>
          </ns1:panel>
          <ns1:panel ana="#moment-to-moment #mono" characters="#noby #doraemon_offscreen" chapterID="v19s3">
            <ns1:balloon type="speech" who="#doraemon_offscreen">
                  If you answer right, you get a gold medal. If you’re wrong, you get a shock.
               </ns1:balloon>
            <ns1:balloon type="speech" who="#noby">
                  Urk!
               </ns1:balloon>
          </ns1:panel>
        </ns0:div>
        <ns0:div type="panelGrp" id="v19s3_3">
          <ns1:panel ana="#moment-to-moment #macro" characters="#noby #doraemon" chapterID="v19s3">
            <ns1:balloon type="speech" who="#doraemon">
                  That makes it more thrilling. Be a man.
               </ns1:balloon>
          </ns1:panel>
          <ns1:panel ana="#moment-to-moment #macro" characters="#noby #doraemon" chapterID="v19s3">
            <ns1:balloon type="speech" who="#doraemon">
                  Push that.
               </ns1:balloon>
            <ns1:balloon type="speech" who="#noby">
                  This?
               </ns1:balloon>
          </ns1:panel>
          <ns1:panel ana="#subject-to-subject #micro" characters="#noby" chapterID="v19s3">
            <ns0:sound>PUMP</ns0:sound>
          </ns1:panel>
          <ns1:panel ana="#moment-to-moment #micro" characters="" chapterID="v19s3">
            <ns0:sound>BRRRM</ns0:sound>
            <ns0:sound>CLATTER</ns0:sound>
            <ns0:sound>CHATTER</ns0:sound>
            <ns0:sound>BEEEEP</ns0:sound>
          </ns1:panel>
          <ns1:panel ana="#moment-to-moment #mono" characters="#noby" chapterID="v19s3">
            <ns0:sound>PTOO</ns0:sound>
          </ns1:panel>
          <ns1:panel ana="#aspect-to-aspect #micro" characters="#noby" chapterID="v19s3">
            <ns1:caption>
                  Challenge: Swim in the ocean right where you are.
               </ns1:caption>
          </ns1:panel>
          <ns1:panel ana="#aspect-to-aspect #mono" characters="#noby" chapterID="v19s3">
            <ns1:balloon type="speech" who="#noby">
                  What!? You can’t swim in the ocean in the middle of Tokyo!
               </ns1:balloon>
          </ns1:panel>
          <ns1:panel ana="#subject-to-subject #mono" characters="#noby #doraemon" chapterID="v19s3">
            <ns1:balloon type="speech" who="#doraemon">
                  Sure you can.
               </ns1:balloon>
            <ns1:balloon type="speech" who="#doraemon">
                  I already got this one.
               </ns1:balloon>
          </ns1:panel>
          <ns1:panel ana="#moment-to-moment #micro" characters="#doraemon_offscreen" chapterID="v19s3">
            <ns1:balloon type="speech" who="#doraemon_offscreen">
                  Hurry!
               </ns1:balloon>
            <ns1:balloon type="speech" who="#doraemon_offscreen">
                  You have 30 seconds.
               </ns1:balloon>
            <ns0:sound>Tick</ns0:sound>
            <ns0:sound>Tick</ns0:sound>
            <ns0:sound>Tick</ns0:sound>
            <ns0:sound>Tick</ns0:sound>
          </ns1:panel>
          <ns1:panel ana="#moment-to-moment #mono" characters="#noby #doraemon" chapterID="v19s3">
            <ns1:balloon type="speech" who="#doraemon">
                  You’ll need a gadget to get there.
               </ns1:balloon>
            <ns1:balloon type="speech" who="#noby">
                  Which?
               </ns1:balloon>
          </ns1:panel>
          <ns1:panel ana="#subject-to-subject #mono" characters="#noby #doraemon_offscreen" chapterID="v19s3">
            <ns1:balloon type="speech" who="#doraemon_offscreen">
               The time machine. Hint, hint! You’re killing me.
               </ns1:balloon>
          </ns1:panel>
          <ns1:panel ana="#aspect-to-aspect #micro" characters="" chapterID="v19s3">
            <ns0:sound>DING</ns0:sound>
          </ns1:panel>
        </ns0:div>
        <ns0:div type="panelGrp" id="v19s3_4">
          <ns1:panel ana="#moment-to-moment #macro" characters="#noby #doraemon" chapterID="v19s3">
            <ns0:sound>ZZZAP</ns0:sound>
            <ns0:sound>KRAKK</ns0:sound>
          </ns1:panel>
          <ns1:panel ana="#action-to-action #macro" characters="#noby #doraemon" chapterID="v19s3">
            <ns1:balloon type="speech" who="#doraemon">
                  Ah well.
               </ns1:balloon>
          </ns1:panel>
          <ns1:panel ana="#action-to-action #macro" characters="#noby #doraemon" chapterID="v19s3">
            <ns1:balloon type="speech" who="#doraemon">
                  I'll show you the answer.
               </ns1:balloon>
          </ns1:panel>
          <ns1:panel ana="#scene-to-scene #macro" characters="#noby #doraemon" chapterID="v19s3">
            <ns1:balloon type="speech" who="#doraemon">
                  We can stay in place, but go way back in time!
               </ns1:balloon>
          </ns1:panel>
          <ns1:panel ana="#scene-to-scene #mono" characters="#noby #doraemon" chapterID="v19s3">
            <ns1:balloon type="speech" who="#doraemon">
                  We're here!
               </ns1:balloon>
          </ns1:panel>
          <ns1:panel ana="#action-to-action #mono" characters="#noby" chapterID="v19s3">
            <ns1:balloon type="speech" who="#noby">
                  Aaaah!
               </ns1:balloon>
            <ns0:sound>Splash</ns0:sound>
          </ns1:panel>
          <ns1:panel ana="#aspect-to-aspect #macro" characters="#noby #doraemon" chapterID="v19s3">
            <ns1:balloon type="speech" who="#doraemon">
                  Long ago, Tokyo was underwater.
               </ns1:balloon>
            <ns1:balloon type="speech" who="#noby">
                  I get it, I get it.
               </ns1:balloon>
          </ns1:panel>
        </ns0:div>
        <ns0:div type="panelGrp" id="v19s3_5">
          <ns1:panel ana="#scene-to-scene #mono" characters="#noby" chapterID="v19s3">
            <ns1:balloon type="speech" who="#noby">
                  Let me try again!
               </ns1:balloon>
            <ns0:sound>PUMP</ns0:sound>
          </ns1:panel>
          <ns1:panel ana="#action-to-action #mono" characters="#noby" chapterID="v19s3">
            <ns0:sound>PTOO</ns0:sound>
          </ns1:panel>
          <ns1:panel ana="#aspect-to-aspect #micro" characters="#noby" chapterID="v19s3">
            <ns1:caption>
                  Challenge: Run faster than 1500 kph.
               </ns1:caption>
          </ns1:panel>
          <ns1:panel ana="#aspect-to-aspect #mono" characters="#noby #doraemon" chapterID="v19s3">
            <ns1:balloon type="speech" who="#noby">
                  Gimme a “Hopter.”
               </ns1:balloon>
          </ns1:panel>
          <ns1:panel ana="#action-to-action #macro" characters="#noby #doraemon" chapterID="v19s3">
            <ns1:balloon type="speech" who="#doraemon">
                  Nope.
               </ns1:balloon>
            <ns1:balloon type="speech" who="#doraemon">
                  It said "run."
               </ns1:balloon>
            <ns0:sound>Tick</ns0:sound>
            <ns0:sound>Tick</ns0:sound>
            <ns0:sound>Tick</ns0:sound>
          </ns1:panel>
          <ns1:panel ana="#action-to-action #macro" characters="#noby #doraemon" chapterID="v19s3">
            <ns0:sound>DASH</ns0:sound>
            <ns1:balloon type="speech" who="#doraemon">
                  That’s maybe 10 kph.
               </ns1:balloon>
            <ns0:sound>DASH</ns0:sound>
          </ns1:panel>
          <ns1:panel ana="#action-to-action #mono" characters="" chapterID="v19s3">
            <ns0:sound>ZZZAP</ns0:sound>
            <ns0:sound>KRAKK</ns0:sound>
          </ns1:panel>
          <ns1:panel ana="#action-to-action #macro" characters="#noby #doraemon" chapterID="v19s3">
            <ns1:balloon type="speech" who="#noby">
                  I give up.
               </ns1:balloon>
          </ns1:panel>
          <ns1:panel ana="#action-to-action #macro" characters="#noby #doraemon" chapterID="v19s3">
            <ns1:balloon type="speech" who="#doraemon">
                  Let’s use the “Anywhere Door.”
               </ns1:balloon>
          </ns1:panel>
        </ns0:div>
        <ns0:div type="panelGrp" id="v19s3_6">
          <ns1:panel ana="#scene-to-scene #macro" characters="#noby #doraemon" chapterID="v19s3">
            <ns1:balloon type="speech" who="#doraemon">
                  We’re on the equator now. So run East.
               </ns1:balloon>
            <ns1:balloon type="speech" who="#noby">
                  Why?
               </ns1:balloon>
          </ns1:panel>
          <ns1:panel ana="#moment-to-moment #mono" characters="#noby #doraemon" chapterID="v19s3">
            <ns1:balloon type="speech" who="#noby">
                  You don’t get it. The Earth is constantly rotating.
               </ns1:balloon>
          </ns1:panel>
          <ns1:panel ana="#scene-to-scene #mono" characters="#doraemon_offscreen" chapterID="v19s3">
            <ns1:balloon type="speech" who="#doraemon_offscreen">
                  Which means you’re moving just by standing in place.
               </ns1:balloon>
            <ns1:caption>
                  North Pole
               </ns1:caption>
            <ns1:caption>
                  Equator
               </ns1:caption>
            <ns1:caption>
                  South Pole
               </ns1:caption>
            <ns1:balloon type="speech" who="#doraemon_offscreen">
                  (It’s faster the further you are from the poles. At the equator, it’s 1500 kph.
               </ns1:balloon>
          </ns1:panel>
          <ns1:panel ana="#scene-to-scene #macro" characters="#noby #doraemon" chapterID="v19s3">
            <ns1:balloon type="speech" who="#noby">
                  Third question.
               </ns1:balloon>
            <ns1:balloon type="speech" who="#noby">
                  This is dumb.
               </ns1:balloon>
          </ns1:panel>
          <ns1:panel ana="#action-to-action #macro" characters="#noby #doraemon" chapterID="v19s3">
            <ns1:balloon type="speech" who="#doraemon">
                  You can’t stop now. It’s programmed for 4 questions.
               </ns1:balloon>
            <ns1:balloon type="speech" who="#noby">
                  Yeah!? Watch me.
               </ns1:balloon>
          </ns1:panel>
          <ns1:panel ana="#action-to-action #macro" characters="#noby #doraemon" chapterID="v19s3">
            <ns0:sound>ZZZAP</ns0:sound>
            <ns1:balloon type="speech" who="#noby">
                  Okay! OKAY!
               </ns1:balloon>
          </ns1:panel>
        </ns0:div>
        <ns0:div type="panelGrp" id="v19s3_7">
          <ns1:panel ana="#scene-to-scene #mono" characters="#noby" chapterID="v19s3">
            <ns0:sound>Push</ns0:sound>
          </ns1:panel>
          <ns1:panel ana="#aspect-to-aspect #micro" characters="#noby" chapterID="v19s3">
            <ns1:caption>
                  Challenge: Circumnavigate the globe East to West in 1 minute.
               </ns1:caption>
          </ns1:panel>
          <ns1:panel ana="#aspect-to-aspect #mono" characters="#noby" chapterID="v19s3">
            <ns1:balloon type="speech" who="#noby">
                  That’s impossible!
               </ns1:balloon>
          </ns1:panel>
          <ns1:panel ana="#moment-to-moment #macro" characters="#noby #doraemon" chapterID="v19s3">
            <ns1:balloon type="speech" who="#noby">
                  Gimme a hypersonic jet! A satellite! Some-thing!
               </ns1:balloon>
            <ns1:balloon type="speech" who="#doraemon">
                  Even those aren't fast enough!
               </ns1:balloon>
          </ns1:panel>
          <ns1:panel ana="#aspect-to-aspect #mono" characters="" chapterID="v19s3">
            <ns0:sound>Tick</ns0:sound>
            <ns0:sound>Tick</ns0:sound>
            <ns0:sound>Tick</ns0:sound>
            <ns0:sound>Tick</ns0:sound>
          </ns1:panel>
          <ns1:panel ana="#moment-to-moment #mono" characters="#noby #doraemon" chapterID="v19s3">
            <ns1:balloon type="speech" who="#noby">
                  Shut up!
               </ns1:balloon>
            <ns0:sound>Tick</ns0:sound>
            <ns0:sound>Tick</ns0:sound>
            <ns1:balloon type="speech" who="#noby">
                  Stupid thing!
               </ns1:balloon>
          </ns1:panel>
          <ns1:panel ana="#action-to-action #macro" characters="#noby #doraemon" chapterID="v19s3">
            <ns1:balloon type="speech" who="#doraemon">
                  Not much of a critical thinker…
            </ns1:balloon>
          </ns1:panel>
          <ns1:panel ana="#scene-to-scene #macro" characters="#noby #doraemon" chapterID="v19s3">
            <ns1:balloon type="speech" who="#doraemon">
                  We’re on the North Pole.
               </ns1:balloon>
            <ns1:caption>
                  N
               </ns1:caption>
            <ns1:balloon type="speech" who="#noby">
                  So what?
               </ns1:balloon>
          </ns1:panel>
        </ns0:div>
        <ns0:div type="panelGrp" id="v19s3_8">
          <ns1:panel ana="#moment-to-moment #mono" characters="#doraemon_offscreen" chapterID="v19s3">
            <ns1:balloon type="telepathy" who="#doraemon_offscreen">
                  This challenge revolves around WHERE you circumnavigate. At a pole, you can go all the way around in under a minute.
               </ns1:balloon>
            <ns1:caption>
                  N
               </ns1:caption>
          </ns1:panel>
          <ns1:panel ana="#scene-to-scene #macro" characters="#noby #doraemon" chapterID="v19s3">
            <ns1:caption>
                  N
               </ns1:caption>
            <ns1:balloon type="speech" who="#noby">
                  This is silly.
               </ns1:balloon>
          </ns1:panel>
          <ns1:panel ana="#scene-to-scene #macro" characters="#noby #doraemon" chapterID="v19s3">
            <ns1:balloon type="speech" who="#doraemon">
                  We’re at the final question.
               </ns1:balloon>
            <ns1:balloon type="speech" who="#doraemon">
                  C’mon, TRY to get a medal.
               </ns1:balloon>
            <ns1:balloon type="speech" who="#noby">
                  I dunno... 
               </ns1:balloon>
          </ns1:panel>
          <ns1:panel ana="#action-to-action #mono" characters="#noby" chapterID="v19s3">
            <ns1:caption>
                  Pinhole camera
               </ns1:caption>
            <ns0:sound>PTOO</ns0:sound>
          </ns1:panel>
          <ns1:panel ana="#action-to-action #mono" characters="#noby" chapterID="v19s3">
            <ns1:balloon type="speech" who="#noby">
                  “Expose this pinhole camera.” “However, it requires 30 hours of continuous sunlight If night falls, it resets to zero.”
               </ns1:balloon>
          </ns1:panel>
          <ns1:panel ana="#action-to-action #macro" characters="#noby #doraemon" chapterID="v19s3">
            <ns1:balloon type="speech" who="#noby">
                  That's... 
               </ns1:balloon>
            <ns0:sound>Tick</ns0:sound>
            <ns0:sound>Tick</ns0:sound>
            <ns0:sound>Tick</ns0:sound>
            <ns1:balloon type="speech" who="#noby">
                  There’s only 24 hours in a day! And half are dark!
               </ns1:balloon>
          </ns1:panel>
          <ns1:panel ana="#subject-to-subject #mono" characters="#doraemon" chapterID="v19s3">
            <ns1:balloon type="speech" who="#doraemon">
                  There are places with continuous sun! Think! C’mon!
               </ns1:balloon>
          </ns1:panel>
          <ns1:panel ana="#aspect-to-aspect #mono" characters="" chapterID="v19s3">
            <ns0:sound>Tick</ns0:sound>
            <ns0:sound>Tick</ns0:sound>
            <ns0:sound>Tick</ns0:sound>
          </ns1:panel>
          <ns1:panel ana="#aspect-to-aspect #mono" characters="#noby" chapterID="v19s3">
            <ns1:balloon type="speech" who="#noby">
                  I dunno!
               </ns1:balloon>
            <ns1:balloon type="speech" who="#noby">
                  Oh, man... 
               </ns1:balloon>
          </ns1:panel>
        </ns0:div>
        <ns0:div type="panelGrp" id="v19s3_9">
          <ns1:panel ana="#action-to-action #mono" characters="#noby #doraemon" chapterID="v19s3">
            <ns1:balloon type="speech" who="#noby">
                  I'm outta here!
               </ns1:balloon>
          </ns1:panel>
          <ns1:panel ana="#scene-to-scene #macro" characters="#noby #doraemon" chapterID="v19s3">
            <ns1:balloon type="speech" who="#noby">
                  Yikes!
               </ns1:balloon>
            <ns0:sound>Tick</ns0:sound>
            <ns0:sound>Tick</ns0:sound>
            <ns0:sound>Tick</ns0:sound>
            <ns1:balloon type="speech" who="#noby">
                  It followed me to the Antarctic!
               </ns1:balloon>
          </ns1:panel>
          <ns1:panel ana="#action-to-action #macro" characters="#noby #doraemon" chapterID="v19s3">
            <ns1:balloon type="speech" who="#noby">
                  You can't escape it.
               </ns1:balloon>
            <ns1:balloon type="speech" who="#noby">
                  3... 2... 1... 
               </ns1:balloon>
            <ns0:sound>Tick</ns0:sound>
            <ns0:sound>Tick</ns0:sound>
            <ns0:sound>Tick</ns0:sound>
          </ns1:panel>
          <ns1:panel ana="#moment-to-moment #mono" characters="#noby" chapterID="v19s3">
            <ns0:sound>TA-DAA</ns0:sound>
          </ns1:panel>
          <ns1:panel ana="#moment-to-moment #macro" characters="#noby #doraemon" chapterID="v19s3">
            <ns1:balloon type="speech" who="#doraemon">
                  Correct! In the Antarctic summer, the sun never sets!
               </ns1:balloon>
            <ns1:caption>
                  ACTION QUIZE
               </ns1:caption>
            <ns1:caption>
                  Pinhole Camera
               </ns1:caption>
          </ns1:panel>
        </ns0:div>
      </ns0:div>
    </ns0:body>
  </ns0:text>
</ns0:TEI>