<?xml version='1.0' encoding='utf-8'?>
<ns0:TEI xmlns:ns0="http://www.tei-c.org/ns/1.0" xmlns:ns1="http://www.cbml.org/ns/1.0">
  <ns0:teiHeader>
    <ns0:fileDesc>
      <ns0:titleStmt>
        <ns0:title>Doraemon</ns0:title>
        <ns0:author>Fujiko F Fujio</ns0:author>
        <ns0:respStmt xml:id="eduhk.9999999">
          <ns0:persName>Doe, John</ns0:persName>
          <ns0:resp>encoder</ns0:resp>
        </ns0:respStmt>
      </ns0:titleStmt>
      <ns0:publicationStmt>
        <ns0:p>Unpublished</ns0:p>
      </ns0:publicationStmt>
      <ns0:sourceDesc>
        <ns0:p>Selected Doraemon stories.</ns0:p>
      </ns0:sourceDesc>
    </ns0:fileDesc>
  </ns0:teiHeader>
  <ns0:text>
    <ns0:body>
      <ns0:div type="chapter" id="v26s6">
        <ns0:div type="panelGrp" id="v26s6_1">
          <ns1:panel ana="#macro" characters="#noby #doraemon" chapterID="v26s6">
            <ns1:caption>
                     Pero comes Back
                  </ns1:caption>
          </ns1:panel>
        </ns0:div>
        <ns0:div type="panelGrp" id="v26s6_2">
          <ns1:panel ana="#macro" characters="#noby #shizuka #sneech" chapterID="v26s6">
            <ns1:balloon type="speech" who="#noby">
                     What a great fall day, huh?
                  </ns1:balloon>
            <ns1:balloon type="speech" who="#noby">
                     I just love days like this.
                  </ns1:balloon>
          </ns1:panel>
          <ns1:panel ana="#action-to-action #macro" characters="#noby #sneech #shizuka" chapterID="v26s6">
            <ns1:balloon type="speech" who="#sneech">
                     How could you say that!?
                  </ns1:balloon>
          </ns1:panel>
          <ns1:panel ana="#action-to-action #mono" characters="#noby #shizuka" chapterID="v26s6">
            <ns1:balloon type="speech" who="#shizuka">
                     My dog Pero died this morning.
                  </ns1:balloon>
          </ns1:panel>
          <ns1:panel ana="#action-to-action #macro" characters="#noby #sneech #shizuka" chapterID="v26s6">
            <ns1:balloon type="audio" who="#shizuka">
                     Waa-aah!
                  </ns1:balloon>
            <ns1:balloon type="speech" who="#sneech">
                     How dare you be so cheerful? Shizuka's in pain!
                  </ns1:balloon>
            <ns1:balloon type="speech" who="#noby">
                     I'm sorry. I didn't know.
                  </ns1:balloon>
          </ns1:panel>
          <ns1:panel ana="#action-to-action #macro" characters="#noby #shizuka #sneech" chapterID="v26s6">
            <ns1:balloon type="speech" who="#shizuka">
                     When we took Pero in......I was just a baby.
                  </ns1:balloon>
          </ns1:panel>
        </ns0:div>
        <ns0:div type="panelGrp" id="v26s6_3">
          <ns1:panel ana="#action-to-action #macro" characters="#shizuka_offscreen" chapterID="v26s6">
            <ns1:balloon type="speech" who="#shizuka_offscreen">
                     Ever since then, he's always been my best friend.
                  </ns1:balloon>
          </ns1:panel>
          <ns1:panel ana="#action-to-action #macro" characters="#shizuka_offscreen" chapterID="v26s6">
            <ns1:balloon type="speech" who="#shizuka_offscreen">
                     He even risked his life to help me.
                  </ns1:balloon>
          </ns1:panel>
          <ns1:panel ana="#action-to-action #mono" characters="#shizuka" chapterID="v26s6">
            <ns1:balloon type="speech" who="#shizuka">
                     And now he's dead.
                  </ns1:balloon>
          </ns1:panel>
          <ns1:panel ana="#action-to-action #macro" characters="#shizuka #sneech #noby" chapterID="v26s6">
            <ns1:balloon type="speech" who="#noby">
                     Okay!
                  </ns1:balloon>
            <ns1:balloon type="speech" who="#noby">
                     I'm gonna bring him back to life!
                  </ns1:balloon>
          </ns1:panel>
          <ns1:panel ana="#action-to-action #mono" characters="#shizuka #sneech" chapterID="v26s6">
            <ns1:balloon type="speech" who="#shizuka">
                     Really?
                  </ns1:balloon>
            <ns1:balloon type="speech" who="#sneech">
                     Do you realize what you're saying?
                  </ns1:balloon>
          </ns1:panel>
          <ns1:panel ana="#action-to-action #macro" characters="#noby #shizuka #sneech" chapterID="v26s6">
            <ns1:balloon type="speech" who="#noby">
                     I give you my word.
                  </ns1:balloon>
            <ns1:balloon type="speech" who="#noby">
                     Wait right here.
                  </ns1:balloon>
          </ns1:panel>
        </ns0:div>
        <ns0:div type="panelGrp" id="v26s6_4">
          <ns1:panel ana="#scene-to-scene #macro" characters="#noby #doraemon" chapterID="v26s6">
            <ns1:balloon type="speech" who="#noby">
                     She was so sad, I just had to do something.
                  </ns1:balloon>
            <ns1:balloon type="speech" who="#noby">
                     Can you help?
                  </ns1:balloon>
          </ns1:panel>
          <ns1:panel ana="#action-to-action #mono" characters="#doraemon #noby" chapterID="v26s6">
            <ns1:balloon type="speech" who="#doraemon">
                     How could you promise that!?
                  </ns1:balloon>
          </ns1:panel>
          <ns1:panel ana="#action-to-action #mono" characters="#doraemon" chapterID="v26s6">
            <ns1:balloon type="speech" who="#doraemon">
                     Even I can't bring the dead back to life.
                  </ns1:balloon>
            <ns1:balloon type="speech" who="#doraemon">
                     There are some things you just don't mess with.
                  </ns1:balloon>
          </ns1:panel>
          <ns1:panel ana="#action-to-action #macro" characters="#noby #doraemon" chapterID="v26s6">
            <ns1:balloon type="speech" who="#noby">
                     Isn't there anything you can do?
                  </ns1:balloon>
            <ns1:balloon type="speech" who="#noby">
                     Please? I'm begging you.
                  </ns1:balloon>
            <ns1:balloon type="speech" who="#doraemon">
                     Think about it.
                  </ns1:balloon>
            <ns1:balloon type="speech" who="#doraemon">
                     If things didn't die, Earth would be overcrowded.
                  </ns1:balloon>
            <ns1:balloon type="speech" who="#doraemon">
                     Now go back and tell her "sorry."
                  </ns1:balloon>
          </ns1:panel>
          <ns1:panel ana="#scene-to-scene #macro" characters="#noby" chapterID="v26s6">
               </ns1:panel>
          <ns1:panel ana="#action-to-action #mono" characters="#noby" chapterID="v26s6">
            <ns1:balloon type="speech" who="#noby">
                     She was so happy when I told her.
                  </ns1:balloon>
            <ns1:balloon type="speech" who="#noby">
                     Now she'll be crushed.
                  </ns1:balloon>
            <ns1:balloon type="speech" who="#noby">
                     How am I gonna tell her?
                  </ns1:balloon>
          </ns1:panel>
        </ns0:div>
        <ns0:div type="panelGrp" id="v26s6_4">
          <ns1:panel ana="#mono" characters="#shizuka #shizuka_mum #shizuka_dad" chapterID="v26s6">
            <ns1:balloon type="speech" who="#shizuka_dad">
                     Please, Shizuka, let him go.
                  </ns1:balloon>
            <ns1:balloon type="speech" who="#shizuka_mum">
                     There's nothing more we can do.
                  </ns1:balloon>
            <ns1:balloon type="speech" who="#shizuka">
                     No! He's coming back!
                  </ns1:balloon>
          </ns1:panel>
          <ns1:panel ana="#action-to-action #macro" characters="#shizuka #noby" chapterID="v26s6">
            <ns1:balloon type="speech" who="#shizuka">
                     Noby promised.
                  </ns1:balloon>
            <ns1:balloon type="speech" who="#shizuka">
                     He said he'd ask Doraemon for help.
                  </ns1:balloon>
          </ns1:panel>
          <ns1:panel ana="#action-to-action #macro" characters="#noby" chapterID="v26s6">
            <ns1:balloon type="speech" who="#noby">
                     I can't do it.
                  </ns1:balloon>
          </ns1:panel>
          <ns1:panel ana="#action-to-action #macro" characters="#noby" chapterID="v26s6">
            <ns1:balloon type="speech" who="#noby">
                     Forget it!
                  </ns1:balloon>
            <ns1:balloon type="speech" who="#noby">
                     I'll just hide out till she forgets.
                  </ns1:balloon>
          </ns1:panel>
          <ns1:panel ana="#subject-to-subject #macro" characters="#shizuka" chapterID="v26s6">
            <ns1:balloon type="speech" who="#shizuka">
                     Noby's late.
                  </ns1:balloon>
            <ns1:balloon type="speech" who="#shizuka">
                     I'll go look for him.
                  </ns1:balloon>
          </ns1:panel>
          <ns1:panel ana="#action-to-action #macro" characters="#shizuka #noby" chapterID="v26s6">
            <ns1:balloon type="speech" who="#shizuka">
                     Nooooby!
                  </ns1:balloon>
          </ns1:panel>
          <ns1:panel ana="#action-to-action #macro" characters="#noby" chapterID="v26s6">
            <ns1:balloon type="speech" who="#noby">
                     Aw man, what am I gonna do?!
                  </ns1:balloon>
          </ns1:panel>
        </ns0:div>
        <ns0:div type="panelGrp" id="v26s6_5">
          <ns1:panel ana="#action-to-action #mono" characters="#doraemon #noby" chapterID="v26s6">
            <ns1:balloon type="speech" who="#doraemon">
                     This medicine will cure any illness.
                  </ns1:balloon>
          </ns1:panel>
          <ns1:panel ana="#action-to-action #mono" characters="#noby" chapterID="v26s6">
            <ns1:balloon type="speech" who="#noby">
                     Don't be silly! What good is that when he's already dead?
                  </ns1:balloon>
          </ns1:panel>
          <ns1:panel ana="#action-to-action #mono" characters="#doraemon #noby" chapterID="v26s6">
            <ns1:balloon type="speech" who="#doraemon">
                     That's why we give it to him before he dies.
                  </ns1:balloon>
          </ns1:panel>
          <ns1:panel ana="#action-to-action #mono" characters="#doraemon" chapterID="v26s6">
            <ns1:balloon type="speech" who="#doraemon">
                     We can use the time machine to go back to last night...
                  </ns1:balloon>
          </ns1:panel>
          <ns1:panel ana="#action-to-action #mono" characters="#noby" chapterID="v26s6">
            <ns1:balloon type="speech" who="#noby">
                     And then he'll still be alive!
                  </ns1:balloon>
          </ns1:panel>
          <ns1:panel ana="#scene-to-scene #macro" characters="#doraemon #noby" chapterID="v26s6">
            <ns1:balloon type="speech" who="#doraemon">
                     Let's hurry.
                  </ns1:balloon>
          </ns1:panel>
          <ns1:panel ana="#scene-to-scene #macro" characters="#doraemon #noby" chapterID="v26s6">
            <ns1:balloon type="speech" who="#doraemon">
                     I set the time for midnight last night.
                  </ns1:balloon>
          </ns1:panel>
          <ns1:panel ana="#scene-to-scene #macro" characters="#doraemon #noby" chapterID="v26s6">
            <ns1:balloon type="speech" who="#noby">
                     Come on.
                  </ns1:balloon>
          </ns1:panel>
        </ns0:div>
        <ns0:div type="panelGrp" id="v26s6_6">
          <ns1:panel ana="#scene-to-scene #macro" characters="#doraemon #noby" chapterID="v26s6">
            <ns1:balloon type="speech" who="#doraemon">
                     Remember, there are some things medicine can't cure.
                  </ns1:balloon>
            <ns1:balloon type="speech" who="#noby">
                     Doesn't matter. We've still gotta try.
                  </ns1:balloon>
          </ns1:panel>
          <ns1:panel ana="#scene-to-scene #macro" characters="#shizuka #shizuka_mum #shizuka_dad #pero" chapterID="v26s6">
            <ns1:balloon type="speech" who="#shizuka_dad">
                     Shizuka, it's already after midnight.
                  </ns1:balloon>
            <ns1:balloon type="speech" who="#shizuka_mum">
                     Pero will be okat. Come on, let's go in.
                  </ns1:balloon>
            <ns1:balloon type="speech" who="#shizuka">
                     But he's in so much pain.
                  </ns1:balloon>
          </ns1:panel>
          <ns1:panel ana="#action-to-action #macro" characters="#pero #shizuka" chapterID="v26s6">
            <ns1:balloon type="speech" who="#pero">
                     Ruff...
                  </ns1:balloon>
            <ns1:balloon type="speech" who="#shizuka">
                     what is it, Pero?
                  </ns1:balloon>
          </ns1:panel>
          <ns1:panel ana="#action-to-action #mono" characters="#pero #shizuka" chapterID="v26s6">
            <ns1:balloon type="speech" who="#shizuka">
                     I'm so sorry. I wish I could help you.
                  </ns1:balloon>
          </ns1:panel>
          <ns1:panel ana="#subject-to-subject #macro" characters="#doraemon #noby" chapterID="v26s6">
            <ns1:balloon type="speech" who="#doraemon">
                     We can't get close until she leaves.
                  </ns1:balloon>
          </ns1:panel>
          <ns1:panel ana="#action-to-action #macro" characters="#police" chapterID="v26s6">
            <ns1:balloon type="speech" who="#police">
                     Hm?
                  </ns1:balloon>
          </ns1:panel>
        </ns0:div>
        <ns0:div type="panelGrp" id="v26s6_7">
          <ns1:panel ana="#action-to-action #macro" characters="#doraemon #noby #police" chapterID="v26s6">
            <ns1:balloon type="speech" who="#police">
                     What are you doing snooping around here?
                  </ns1:balloon>
            <ns1:balloon type="speech" who="#noby">
                     Please! Let me explain!
                  </ns1:balloon>
          </ns1:panel>
          <ns1:panel ana="#action-to-action #mono" characters="you can explain down at the police station." chapterID="v26s6">
               </ns1:panel>
          <ns1:panel ana="#action-to-action #macro" characters="#doraemon #noby #police" chapterID="v26s6">
            <ns1:balloon type="speech" who="#doraemon">
                     I'll let you down when we're finished.
                  </ns1:balloon>
            <ns0:sound>VVVVMMM</ns0:sound>
          </ns1:panel>
          <ns1:panel ana="#subject-to-subject #macro" characters="#shizuka #shizuka_mum #shizuka_dad #pero" chapterID="v26s6">
            <ns1:balloon type="speech" who="#shizuka_mum">
                     Come on. It's time for bed.
                  </ns1:balloon>
          </ns1:panel>
          <ns1:panel ana="#subject-to-subject #macro" characters="#doraemon #noby #pero" chapterID="v26s6">
            <ns1:balloon type="speech" who="#doraemon">
                     Now.
                  </ns1:balloon>
            <ns1:balloon type="speech" who="#noby">
                     Hurry!
                  </ns1:balloon>
          </ns1:panel>
          <ns1:panel ana="#action-to-action #mono" characters="#doraemon #noby #pero" chapterID="v26s6">
            <ns1:balloon type="speech" who="#pero">
                     Ruff.
                  </ns1:balloon>
            <ns1:balloon type="speech" who="#doraemon">
                     There, there. That's a good boy.
                  </ns1:balloon>
          </ns1:panel>
          <ns1:panel ana="#action-to-action #mono" characters="#doraemon #pero" chapterID="v26s6">
            <ns1:caption>
                     GULP
                  </ns1:caption>
          </ns1:panel>
          <ns1:panel ana="#action-to-action #mono" characters="#pero" chapterID="v26s6">
            <ns1:caption>
                     TUNK
                  </ns1:caption>
          </ns1:panel>
        </ns0:div>
        <ns0:div type="panelGrp" id="v26s6_8">
          <ns1:panel ana="#action-to-action #mono" characters="#doraemon #noby #pero" chapterID="v26s6">
            <ns1:balloon type="speech" who="#noby">
                     What did you do?!
                  </ns1:balloon>
            <ns1:balloon type="speech" who="#noby">
                     You killed him!
                  </ns1:balloon>
          </ns1:panel>
          <ns1:panel ana="#action-to-action #mono" characters="#doraemon #noby" chapterID="v26s6">
            <ns1:balloon type="speech" who="#doraemon">
                     He's just sleeping. Tomorrow he'll either wake up, or nothing will have
                     changed.
                  </ns1:balloon>
          </ns1:panel>
          <ns1:panel ana="#scene-to-scene #macro" characters="#doraemon #noby" chapterID="v26s6">
            <ns1:balloon type="speech" who="#doraemon">
                     Come on.
                  </ns1:balloon>
            <ns1:balloon type="speech" who="#doraemon">
                     We've done all we can.
                  </ns1:balloon>
          </ns1:panel>
          <ns1:panel ana="#action-to-action #mono" characters="#doraemon #noby #shizuka" chapterID="v26s6">
            <ns1:balloon type="speech" who="#shizuka">
                     Where are you?! I've been waiting forever!
                  </ns1:balloon>
            <ns1:balloon type="speech" who="#noby">
                     Is Pero still dead?
                  </ns1:balloon>
          </ns1:panel>
          <ns1:panel ana="#scene-to-scene #macro" characters="#doraemon #noby #shizuka" chapterID="v26s6">
            <ns1:balloon type="speech" who="#shizuka">
                     Huh? You're the one who promised to bring him back!
                  </ns1:balloon>
          </ns1:panel>
          <ns1:panel ana="#action-to-action #macro" characters="#noby #shizuka" chapterID="v26s6">
            <ns1:balloon type="speech" who="#shizuka">
                     You have to save him! You just have to! You promised!
                  </ns1:balloon>
          </ns1:panel>
          <ns1:panel ana="#action-to-action #mono" characters="#doraemon #noby" chapterID="v26s6">
            <ns1:balloon type="speech" who="#noby">
                     You think that medicine worked?
                  </ns1:balloon>
            <ns1:balloon type="speech" who="#doraemon">
                     Dunno...
                  </ns1:balloon>
          </ns1:panel>
          <ns1:panel ana="#action-to-action #mono" characters="#doraemon" chapterID="v26s6">
            <ns1:balloon type="speech" who="#doraemon">
                     All we can do is hope.
                  </ns1:balloon>
          </ns1:panel>
        </ns0:div>
        <ns0:div type="panelGrp" id="v26s6_9">
          <ns1:panel ana="#scene-to-scene #macro" characters="#doraemon #noby #shizuka #pero" chapterID="v26s6">
            <ns1:balloon type="speech" who="#pero">
                     Arf Arf!
                  </ns1:balloon>
          </ns1:panel>
          <ns1:panel ana="#action-to-action #macro" characters="#doraemon #noby #shizuka #pero" chapterID="v26s6">
            <ns1:balloon type="speech" who="#shizuka">
                     Pero! You're alive!
                  </ns1:balloon>
          </ns1:panel>
          <ns1:panel ana="#action-to-action #mono" characters="#doraemon #noby" chapterID="v26s6">
            <ns1:balloon type="speech" who="#doraemon">
                     What a great day.
                  </ns1:balloon>
            <ns1:balloon type="speech" who="#noby">
                     What a great day.
                  </ns1:balloon>
          </ns1:panel>
          <ns1:panel ana="#macro" characters="#doraemon #noby #shizuka #pero #police" chapterID="v26s6">
            <ns1:balloon type="speech" who="#shizuka">
                     I'm so happy, I could fly through the sky!
                  </ns1:balloon>
          </ns1:panel>
        </ns0:div>
        <ns0:div type="panelGrp" id="v26s6_10">
            </ns0:div>
      </ns0:div>
      <ns0:div type="chapter" id="v197s16">
        <ns0:div type="panelGrp" id="v197s16_1">
          <ns1:panel ana="#macro" characters="#noby #doraemon" chapterID="v197s16">
            <ns1:caption>
                     The Flying Zoo
                  </ns1:caption>
            <ns1:balloon type="speech" who="#noby">
                     I wish I could ride an elephant.
                  </ns1:balloon>
          </ns1:panel>
          <ns1:panel ana="#action-to-action #macro" characters="#doraemon #noby" chapterID="v197s16">
            <ns1:balloon type="speech" who="#doraemon">
                     So blow that one up and ride it.
                  </ns1:balloon>
            <ns1:balloon type="speech" who="#noby">
                     It isn't a ballon!
                  </ns1:balloon>
          </ns1:panel>
          <ns1:panel ana="#action-to-action #mono" characters="#doraemon" chapterID="v197s16">
            <ns1:balloon type="speech" who="#doraemon">
                     But I can blow it up.
                  </ns1:balloon>
            <ns0:sound>FFP</ns0:sound>
          </ns1:panel>
        </ns0:div>
        <ns0:div type="panelGrp" id="v197s16_2">
          <ns1:panel ana="#action-to-action #macro" characters="#noby #doraemon" chapterID="v197s16">
            <ns1:balloon type="speech" who="#noby">
                     That's cool, Doraemon!
                  </ns1:balloon>
            <ns1:balloon type="speech" who="#doraemon">
                     Let's blow up the rest!
                  </ns1:balloon>
          </ns1:panel>
          <ns1:panel ana="#macro" characters="#noby #doraemon #shizuka #sneech #big-g" chapterID="v197s16">
            <ns1:balloon type="speech" who="#doraemon">
                     It's a flying zoo!
                  </ns1:balloon>
          </ns1:panel>
        </ns0:div>
        <ns0:div type="panelGrp" id="v197s16_3">
            </ns0:div>
      </ns0:div>
      <ns0:div type="chapter" id="v27s6">
        <ns0:div type="panelGrp" id="v27s6_1">
          <ns1:panel ana="#non-sequitur #mono" characters="#noby #doraemon" chapterID="v27s6">
            <ns1:caption>
              Dealing in Features
            </ns1:caption>
          </ns1:panel>
          <ns1:panel ana="#subject-to-subject #mono" characters="#noby_offscreen" chapterID="v27s6">
            <ns1:balloon type="speech" who="#noby_offscreen">
              Ooh!
            </ns1:balloon>
          </ns1:panel>
          <ns1:panel ana="#action-to-action #mono" characters="#noby" chapterID="v27s6">
            <ns1:balloon type="speech" who="#noby">
              ¥1800, huh.
            </ns1:balloon>
          </ns1:panel>
          <ns1:panel ana="#action-to-action #mono" characters="#noby" chapterID="v27s6">
            <ns1:balloon type="speech" who="#noby">
              All I’ve got…
            </ns1:balloon>
          </ns1:panel>
          <ns1:panel ana="#action-to-action #mono" characters="#noby" chapterID="v27s6">
            <ns1:balloon type="speech" who="#noby">
              …is ¥102.
            </ns1:balloon>
          </ns1:panel>
          <ns1:panel ana="#action-to-action #macro" characters="#noby #doraemon" chapterID="v27s6">
            <ns1:balloon type="speech" who="#noby">
              I knew it.
            </ns1:balloon>
            <ns1:balloon type="speech" who="#noby">
              That’s why I didn’t get my hopes up.
            </ns1:balloon>
          </ns1:panel>
        </ns0:div>
        <ns0:div type="panelGrp" id="v27s6_2">
          <ns1:panel ana="#action-to-action #macro" characters="#noby #doraemon" chapterID="v27s6">
            <ns1:balloon type="speech" who="#doraemon">
              There’s no gadget for that.
            </ns1:balloon>
            <ns1:balloon type="speech" who="#doraemon">
              Printing your own money is a crime.
            </ns1:balloon>
            <ns1:balloon type="speech" who="#noby">
              Even in the future, huh?
            </ns1:balloon>
          </ns1:panel>
          <ns1:panel ana="#subject-to-subject #macro" characters="#noby #doraemon" chapterID="v27s6">
            <ns1:balloon type="speech" who="#doraemon">
              Try talking to your dad.
            </ns1:balloon>
            <ns1:balloon type="speech" who="#noby">
              That’s the best you’ve got?
            </ns1:balloon>
          </ns1:panel>
          <ns1:panel ana="#action-to-action #mono" characters="#noby_dad" chapterID="v27s6">
            <ns1:balloon type="speech" who="#noby_dad">
              Here’s an idea.
            </ns1:balloon>
            <ns1:balloon type="speech" who="#noby_dad">
              just massage my shoulders.
            </ns1:balloon>
          </ns1:panel>
          <ns1:panel ana="#action-to-action #macro" characters="#noby_dad #noby #doraemon" chapterID="v27s6">
            <ns1:balloon type="speech" who="#noby_dad">
              I’ll give you ¥10 every day that you do.
            </ns1:balloon>
            <ns1:balloon type="speech" who="#noby_dad">
              At ¥300 a month, you’ll have ¥1800 in six months.
            </ns1:balloon>
            <ns1:balloon type="speech" who="#noby">
              But i want it now.
            </ns1:balloon>
          </ns1:panel>
          <ns1:panel ana="#action-to-action #macro" characters="#noby_dad #noby" chapterID="v27s6">
            <ns1:balloon type="speech" who="#noby_dad">
              That’s exactly your problem!
            </ns1:balloon>
          </ns1:panel>
          <ns1:panel ana="#action-to-action #macro" characters="#noby_dad #noby #doraemon" chapterID="v27s6">
            <ns1:balloon type="speech" who="#noby_dad">
              You need to learn the joy of hard work. Buy it yourself even if it takes
              six months!
            </ns1:balloon>
          </ns1:panel>
          <ns1:panel ana="#action-to-action #macro" characters="#noby_dad #noby #doraemon" chapterID="v27s6">
            <ns1:balloon type="speech" who="#noby_dad">
              You won’t believe how good it makes you feel.
            </ns1:balloon>
          </ns1:panel>
          <ns1:panel ana="#action-to-action #macro" characters="#noby #doraemon" chapterID="v27s6">
            <ns1:balloon type="speech" who="#noby">
              I’d feel a lot better if I had it now.
            </ns1:balloon>
            <ns1:balloon type="speech" who="#doraemon">
              You didn’t hear a word he said.
            </ns1:balloon>
          </ns1:panel>
        </ns0:div>
        <ns0:div type="panelGrp" id="v27s6_3">
          <ns1:panel ana="#action-to-action #macro" characters="#noby_uncle #noby #doraemon" chapterID="v27s6">
            <ns1:balloon type="speech" who="#noby_uncle">
              Is your dad home?
            </ns1:balloon>
            <ns1:balloon type="speech" who="#noby">
              Hi, uncle.
            </ns1:balloon>
          </ns1:panel>
          <ns1:panel ana="#action-to-action #macro" characters="#noby_dad #noby_uncle" chapterID="v27s6">
            <ns1:balloon type="speech" who="#noby_uncle">
              What do you think?
            </ns1:balloon>
            <ns1:balloon type="speech" who="#noby_dad">
              But this… It’s that fancy foreign brand!
            </ns1:balloon>
          </ns1:panel>
          <ns1:panel ana="#action-to-action #macro" characters="#noby_dad #noby_uncle" chapterID="v27s6">
            <ns1:balloon type="speech" who="#noby_dad">
              Must have cost a lot.
            </ns1:balloon>
            <ns1:balloon type="speech" who="#noby_uncle">
              Yup.
            </ns1:balloon>
          </ns1:panel>
          <ns1:panel ana="#action-to-action #macro" characters="#noby_dad #noby_uncle" chapterID="v27s6">
            <ns1:balloon type="speech" who="#noby_uncle">
              You should get them too.
            </ns1:balloon>
            <ns1:balloon type="speech" who="#noby_dad">
              I couldn’t.
            </ns1:balloon>
          </ns1:panel>
          <ns1:panel ana="#action-to-action #macro" characters="#noby_dad #noby_uncle #noby #doraemon" chapterID="v27s6">
            <ns1:balloon type="speech" who="#noby_dad">
              You got a new car too?
            </ns1:balloon>
          </ns1:panel>
          <ns1:panel ana="#action-to-action #mono" characters="#noby_dad" chapterID="v27s6">
            <ns1:balloon type="speech" who="#noby_dad">
              How did you afford all this?!
            </ns1:balloon>
          </ns1:panel>
          <ns1:panel ana="#action-to-action #mono" characters="#noby_uncle" chapterID="v27s6">
            <ns1:balloon type="speech" who="#noby_uncle">
              Loans, of course.
            </ns1:balloon>
            <ns1:balloon type="speech" who="#noby_uncle">
              I’ll pay it all back soon.
            </ns1:balloon>
          </ns1:panel>
          <ns1:panel ana="#action-to-action #macro" characters="#noby_dad #noby_uncle #noby #doraemon" chapterID="v27s6">
            <ns1:balloon type="speech" who="#noby_uncle">
              This way I can pay for things while I enjoy them. It’s the modern way of
              living.
            </ns1:balloon>
          </ns1:panel>
        </ns0:div>
        <ns0:div type="panelGrp" id="v27s6_4">
          <ns1:panel ana="#action-to-action #macro" characters="#noby_dad #noby_uncle #noby #doraemon" chapterID="v27s6">
            <ns1:balloon type="speech" who="#noby_uncle">
              Well, see you.
            </ns1:balloon>
            <ns0:sound>Vroom</ns0:sound>
          </ns1:panel>
          <ns1:panel ana="#action-to-action #macro" characters="#noby #doraemon" chapterID="v27s6">
            <ns1:balloon type="speech" who="#noby">
              I got it!
            </ns1:balloon>
          </ns1:panel>
          <ns1:panel ana="#action-to-action #macro" characters="#noby #doraemon" chapterID="v27s6">
            <ns1:balloon type="speech" who="#doraemon">
              Got what?
            </ns1:balloon>
            <ns1:balloon type="speech" who="#doraemon">
              "The modern way of living."
            </ns1:balloon>
          </ns1:panel>
          <ns1:panel ana="#action-to-action #macro" characters="#noby_dad #noby #doraemon" chapterID="v27s6">
            <ns1:balloon type="speech" who="#noby_dad">
              So you decided to take me up on my offer.
            </ns1:balloon>
          </ns1:panel>
          <ns1:panel ana="#action-to-action #macro" characters="#noby_offscreen #noby_dad_offscreen" chapterID="v27s6">
            <ns1:balloon type="speech" who="#noby_dad_offscreen">
              Keep it up.
            </ns1:balloon>
            <ns1:balloon type="speech" who="#noby_offscreen">
              You bet.
            </ns1:balloon>
          </ns1:panel>
          <ns1:panel ana="#action-to-action #macro" characters="#noby #doraemon" chapterID="v27s6">
            <ns1:balloon type="speech" who="#doraemon">
              I’m impressed you’re going to wait a whole 6 months.
            </ns1:balloon>
            <ns1:balloon type="speech" who="#noby">
              Who, me?
            </ns1:balloon>
          </ns1:panel>
          <ns1:panel ana="#action-to-action #mono" characters="#noby_offscreen #doraemon" chapterID="v27s6">
            <ns1:balloon type="speech" who="#noby_offscreen">
              I’m not going to wait.
            </ns1:balloon>
          </ns1:panel>
          <ns1:panel ana="#action-to-action #macro" characters="#noby #doraemon" chapterID="v27s6">
          </ns1:panel>
          <ns1:panel ana="#action-to-action #macro" characters="#noby #doraemon" chapterID="v27s6">
            <ns1:balloon type="speech" who="#doraemon">
              The Time Machine?
            </ns1:balloon>
            <ns1:balloon type="speech" who="#noby">
              In six months I’ll have saved ¥1800.
            </ns1:balloon>
          </ns1:panel>
        </ns0:div>
        <ns0:div type="panelGrp" id="v27s6_5">
          <ns1:panel ana="#action-to-action #macro" characters="#noby #doraemon" chapterID="v27s6">
            <ns1:balloon type="speech" who="#doraemon">
              I don’t know about this…
            </ns1:balloon>
            <ns1:balloon type="speech" who="#noby">
              It’ll be fine.
            </ns1:balloon>
          </ns1:panel>
          <ns1:panel ana="#action-to-action #macro" characters="#noby #doraemon" chapterID="v27s6">
            <ns1:balloon type="speech" who="#noby">
              I’m just getting my own money.
            </ns1:balloon>
          </ns1:panel>
          <ns1:panel ana="#action-to-action #macro" characters="#noby #doraemon" chapterID="v27s6">
            <ns1:balloon type="speech" who="#doraemon">
              Here’s your room six months from now.
            </ns1:balloon>
            <ns1:balloon type="speech" who="#noby">
              It’s lunchtime now.
            </ns1:balloon>
            <ns1:balloon type="speech" who="#doraemon">
              So the other me should be at school.
            </ns1:balloon>
          </ns1:panel>
          <ns1:panel ana="#action-to-action #mono" characters="#noby" chapterID="v27s6">
            <ns1:balloon type="speech" who="#noby">
              Huh?
            </ns1:balloon>
          </ns1:panel>
          <ns1:panel ana="#action-to-action #macro" characters="#noby #doraemon" chapterID="v27s6">
            <ns1:balloon type="speech" who="#noby">
              My bank is gone!
            </ns1:balloon>
          </ns1:panel>
          <ns1:panel ana="#action-to-action #macro" characters="#noby #doraemon" chapterID="v27s6">
            <ns1:balloon type="speech" who="#noby">
              Where did I put it?
            </ns1:balloon>
          </ns1:panel>
          <ns1:panel ana="#action-to-action #macro" characters="#noby #doraemon" chapterID="v27s6">
            <ns1:balloon type="speech" who="#doraemon">
              This is because your room’s always a mess.
            </ns1:balloon>
            <ns1:balloon type="speech" who="#noby">
              Mooom!
            </ns1:balloon>
          </ns1:panel>
          <ns1:panel ana="#action-to-action #macro" characters="#noby #noby_mom" chapterID="v27s6">
            <ns1:balloon type="speech" who="#noby">
              Where’s my bank?
            </ns1:balloon>
            <ns1:balloon type="speech" who="#noby_mom">
              I don’t know.
            </ns1:balloon>
          </ns1:panel>
        </ns0:div>
        <ns0:div type="panelGrp" id="v27s6_6">
          <ns1:panel ana="#action-to-action #macro" characters="#noby_mum#noby" chapterID="v27s6">
            <ns1:balloon type="speech" who="#noby_mom">
              Why aren’t you at school?!
            </ns1:balloon>
          </ns1:panel>
          <ns1:panel ana="#action-to-action #macro" characters="#noby #noby #doraemon_mom" chapterID="v27s6">
            <ns1:balloon type="speech" who="#noby">
              That was close.
            </ns1:balloon>
          </ns1:panel>
          <ns1:panel ana="#action-to-action #macro" characters="#noby #doraemon" chapterID="v27s6">
            <ns1:balloon type="speech" who="#noby">
              Hm?
            </ns1:balloon>
          </ns1:panel>
          <ns1:panel ana="#action-to-action #macro" characters="#noby #doraemon" chapterID="v27s6">
            <ns1:balloon type="speech" who="#noby">
              It’s my bank!
            </ns1:balloon>
            <ns1:balloon type="speech" who="#doraemon">
              So that’s where you hid it.
            </ns1:balloon>
          </ns1:panel>
          <ns1:panel ana="#action-to-action #micro" characters="#noby_offscreen #doraemon_offscreen" chapterID="v27s6">
            <ns1:balloon type="speech" who="#noby_offscreen">
              ¥1800 in ¥10 coins.
            </ns1:balloon>
            <ns1:balloon type="speech" who="#doraemon_offscreen">
              You really did it.
            </ns1:balloon>
          </ns1:panel>
          <ns1:panel ana="#action-to-action #macro" characters="#noby #doraemon" chapterID="v27s6">
            <ns1:balloon type="speech" who="#noby">
              Now I can go back.
            </ns1:balloon>
          </ns1:panel>
          <ns1:panel ana="#action-to-action #macro" characters="#noby #doraemon" chapterID="v27s6">
            <ns1:balloon type="speech" who="#noby">
              Let’s buy that model!
            </ns1:balloon>
          </ns1:panel>
          <ns1:panel ana="#action-to-action #macro" characters="#noby #noby #doraemon_future" chapterID="v27s6">
            <ns1:balloon type="speech" who="#noby">
              What the?!
            </ns1:balloon>
          </ns1:panel>
        </ns0:div>
        <ns0:div type="panelGrp" id="v27s6_7">
          <ns1:panel ana="#action-to-action #macro" characters="#noby #noby_future #doraemon" chapterID="v27s6">
            <ns1:balloon type="speech" who="#noby">
              Are you future me?
            </ns1:balloon>
            <ns1:balloon type="speech" who="#noby_future">
              That’s right! I just got home.
            </ns1:balloon>
            <ns1:balloon type="speech" who="#noby_future">
              I saw that my bank was gone.
            </ns1:balloon>
          </ns1:panel>
          <ns1:panel ana="#action-to-action #mono" characters="#noby_future" chapterID="v27s6">
            <ns1:balloon type="speech" who="#noby_future">
              So I followed you in the Time Machine. I made sure to get here before
              you. Now give it back!
            </ns1:balloon>
          </ns1:panel>
          <ns1:panel ana="#subject-to-subject #mono" characters="#noby" chapterID="v27s6">
            <ns1:balloon type="speech" who="#noby">
              Why should I give it back?
            </ns1:balloon>
            <ns1:balloon type="speech" who="#noby">
              It’s my money.
            </ns1:balloon>
          </ns1:panel>
          <ns1:panel ana="#action-to-action #macro" characters="#noby #noby_future #doraemon" chapterID="v27s6">
            <ns1:balloon type="speech" who="#noby">
              I’m the one who’s going to earn it.
            </ns1:balloon>
            <ns1:balloon type="speech" who="#noby_future">
              But I DID earn it!
            </ns1:balloon>
          </ns1:panel>
          <ns1:panel ana="#subject-to-subject #mono" characters="#noby_future" chapterID="v27s6">
            <ns1:balloon type="speech" who="#noby_future">
              Pounding Dad’s shoulders every day…
            </ns1:balloon>
            <ns1:balloon type="speech" who="#noby_future">
              I’M the one who did all the work!
            </ns1:balloon>
          </ns1:panel>
          <ns1:panel ana="#action-to-action #macro" characters="#noby #noby_future #doraemon" chapterID="v27s6">
            <ns1:balloon type="speech" who="#noby">
              But since you’re me, and I’m you…
            </ns1:balloon>
            <ns1:balloon type="speech" who="#noby_future">
              Yes, I’m you, but you’re not…
            </ns1:balloon>
          </ns1:panel>
          <ns1:panel ana="#subject-to-subject #mono" characters="#doraemon" chapterID="v27s6">
            <ns1:balloon type="speech" who="#doraemon">
              This is confusing.
            </ns1:balloon>
          </ns1:panel>
          <ns1:panel ana="#action-to-action #macro" characters="#noby #noby_future #doraemon" chapterID="v27s6">
            <ns1:balloon type="speech" who="#noby">
              Forget him.
            </ns1:balloon>
            <ns1:balloon type="speech" who="#noby_future">
              Wait! I said stop!
            </ns1:balloon>
          </ns1:panel>
          <ns1:panel ana="#action-to-action #macro" characters="#noby #noby #doraemon_mom" chapterID="v27s6">
            <ns0:action>RUN</ns0:action>
            <ns0:action>Run</ns0:action>
            <ns0:sound>Clatter</ns0:sound>
          </ns1:panel>
          <ns1:panel ana="#action-to-action #macro" characters="#noby_mum#noby_future" chapterID="v27s6">
            <ns1:balloon type="speech" who="#noby_mom">
              Nobita!
            </ns1:balloon>
          </ns1:panel>
          <ns1:panel ana="#action-to-action #macro" characters="#noby_mum#noby_future" chapterID="v27s6">
            <ns1:balloon type="speech" who="#noby_mom">
              Clean up your mess!
            </ns1:balloon>
            <ns0:action>GRAB</ns0:action>
          </ns1:panel>
          <ns1:panel ana="#action-to-action #macro" characters="#noby_future #noby_mom" chapterID="v27s6">
            <ns1:balloon type="speech" who="#noby_future">
              But it’s not my mess.
            </ns1:balloon>
          </ns1:panel>
          <ns1:panel ana="#action-to-action #macro" characters="#noby #doraemon" chapterID="v27s6">
            <ns1:balloon type="speech" who="#noby">
              Heh heh heh, we did it!
            </ns1:balloon>
          </ns1:panel>
          <ns1:panel ana="#action-to-action #macro" characters="#noby_future #noby #doraemon" chapterID="v27s6">
            <ns1:balloon type="speech" who="#noby_future">
              I knew this would happen…
            </ns1:balloon>
            <ns1:balloon type="speech" who="#noby_future">
              I knew it.
            </ns1:balloon>
          </ns1:panel>
          <ns1:panel ana="#action-to-action #macro" characters="#noby_future #noby #doraemon" chapterID="v27s6">
            <ns1:balloon type="speech" who="#noby_future">
              But I promise you’ll be sorry.
            </ns1:balloon>
          </ns1:panel>
          <ns1:panel ana="#action-to-action #macro" characters="#noby #doraemon" chapterID="v27s6">
            <ns1:balloon type="speech" who="#noby">
              Why would I be sorry?
            </ns1:balloon>
            <ns1:balloon type="speech" who="#doraemon">
              Come on, let’s open it.
            </ns1:balloon>
          </ns1:panel>
          <ns1:panel ana="#action-to-action #macro" characters="#noby #doraemon" chapterID="v27s6">
            <ns1:balloon type="speech" who="#noby">
              That part goes over here.
            </ns1:balloon>
            <ns1:balloon type="speech" who="#doraemon">
              Hey, what are you doing?!
            </ns1:balloon>
          </ns1:panel>
        </ns0:div>
        <ns0:div type="panelGrp" id="v27s6_8">
          <ns1:panel ana="#action-to-action #macro" characters="#noby #doraemon" chapterID="v27s6">
            <ns1:balloon type="speech" who="#noby">
              You’re terrible at this!
            </ns1:balloon>
            <ns1:balloon type="speech" who="#doraemon">
              You’re the one who’s messed it up!!
            </ns1:balloon>
            <ns1:balloon type="speech" who="#doraemon">
              Aah, it’s ruined.
            </ns1:balloon>
          </ns1:panel>
          <ns1:panel ana="#aspect-to-aspect #micro" characters="#doraemon_offscreen" chapterID="v27s6">
            <ns1:balloon type="speech" who="#doraemon_offscreen">
              There goes ¥1800…
            </ns1:balloon>
          </ns1:panel>
          <ns1:panel ana="#scene-to-scene #macro" characters="#noby_dad #noby" chapterID="v27s6">
            <ns1:caption>
              The next day
            </ns1:caption>
            <ns1:balloon type="speech" who="#noby_dad">
              What about my shoulders?
            </ns1:balloon>
            <ns1:balloon type="speech" who="#noby">
              I changed my mind.
            </ns1:balloon>
          </ns1:panel>
          <ns1:panel ana="#action-to-action #macro" characters="#noby_dad #noby" chapterID="v27s6">
            <ns1:balloon type="speech" who="#noby_dad">
              Giving up halfway is the worst thing you can do!
            </ns1:balloon>
          </ns1:panel>
          <ns1:panel ana="#action-to-action #macro" characters="#noby_uncle #noby #noby_dad #doraemon" chapterID="v27s6">
            <ns1:balloon type="speech" who="#noby_uncle">
              I can’t keep up with my loan payments. Lend me some money!
            </ns1:balloon>
            <ns1:balloon type="speech" who="#noby">
              Modern living is hard.
            </ns1:balloon>
          </ns1:panel>
        </ns0:div>
      </ns0:div>
      <ns0:div type="chapter" id="v198s4">
        <ns0:div type="panelGrp" id="v198s4_1">
          <ns1:panel ana="#action-to-action #macro" characters="#noby #doraemon" chapterID="v198s4">
            <ns1:balloon type="speech" who="#noby">
              What are you gonna do with that?
            </ns1:balloon>
            <ns1:balloon type="speech" who="#doraemon">
              Something fun.
            </ns1:balloon>
            <ns1:caption>
              The Magic Rope
            </ns1:caption>
          </ns1:panel>
        </ns0:div>
        <ns0:div type="panelGrp" id="v198s4_2">
          <ns1:panel ana="#action-to-action #macro" characters="#noby #doraemon" chapterID="v198s4">
            <ns1:balloon type="speech" who="#doraemon">
              This is a horse.
            </ns1:balloon>
            <ns1:balloon type="speech" who="#noby">
              It doesn’t look like one!
            </ns1:balloon>
          </ns1:panel>
          <ns1:panel ana="#action-to-action #macro" characters="#noby #doraemon" chapterID="v198s4">
            <ns1:balloon type="speech" who="#doraemon">
              See? It moves!
            </ns1:balloon>
            <ns0:sound>WHINNY</ns0:sound>
          </ns1:panel>
          <ns1:panel ana="#action-to-action #macro" characters="#noby #doraemon #big_g #sneech" chapterID="v198s4">
          </ns1:panel>
        </ns0:div>
        <ns0:div type="panelGrp" id="v198s4_3">
          <ns1:panel ana="#action-to-action #macro" characters="#big_g #noby #sneech #doraemon" chapterID="v198s4">
            <ns1:balloon type="speech" who="#big_g">
              Gimme that!
            </ns1:balloon>
            <ns1:balloon type="speech" who="#noby">
              You’ll break it!
            </ns1:balloon>
          </ns1:panel>
          <ns1:panel ana="#action-to-action #macro" characters="#big_g #noby #sneech #doraemon" chapterID="v198s4">
            <ns1:balloon type="speech" who="#sneech">
              Let’s make something cool.
            </ns1:balloon>
          </ns1:panel>
          <ns1:panel ana="#action-to-action #macro" characters="#big_g #noby #sneech #doraemon" chapterID="v198s4">
            <ns1:balloon type="speech" who="#big_g">
              Aaah!
            </ns1:balloon>
            <ns1:balloon type="speech" who="#sneech">
              Snake!
            </ns1:balloon>
          </ns1:panel>
        </ns0:div>
        <ns0:div type="panelGrp" id="v198s4_4">
          <ns1:panel ana="#action-to-action #macro" characters="#big_g #noby #sneech #doraemon" chapterID="v198s4">
            <ns1:balloon type="speech" who="#sneech">
              We got eaten! Help!
            </ns1:balloon>
          </ns1:panel>
          <ns1:panel ana="#action-to-action #macro" characters="#big_g #noby #sneech #doraemon #unknown_1 #unknown_2" chapterID="v198s4">
            <ns1:balloon type="speech" who="#doraemon">
              We can play train!
            </ns1:balloon>
            <ns1:balloon type="speech" who="#unknown_1">
              Let us ride!
            </ns1:balloon>
            <ns0:sound>CHUGGA</ns0:sound>
          </ns1:panel>
        </ns0:div>
      </ns0:div>
    </ns0:body>
  </ns0:text>
</ns0:TEI>