<?xml version='1.0' encoding='utf-8'?>
<ns0:TEI xmlns:ns0="http://www.tei-c.org/ns/1.0" xmlns:ns1="http://www.cbml.org/ns/1.0">
  <ns0:teiHeader>
    <ns0:fileDesc>
      <ns0:titleStmt>
        <ns0:title>Doraemon</ns0:title>
        <ns0:author>Fujiko F Fujio</ns0:author>
        <ns0:respStmt xml:id="eduhk.9999999">
          <ns0:persName>Doe, John</ns0:persName>
          <ns0:resp>encoder</ns0:resp>
        </ns0:respStmt>
      </ns0:titleStmt>
      <ns0:publicationStmt>
        <ns0:p>Unpublished</ns0:p>
      </ns0:publicationStmt>
      <ns0:sourceDesc>
        <ns0:p>Selected Doraemon stories.</ns0:p>
      </ns0:sourceDesc>
    </ns0:fileDesc>
  </ns0:teiHeader>
  <ns0:text>
    <ns0:body>
      <ns0:div type="chapter" id="v28s1">
        <ns0:div type="panelGrp" id="v28s1_1">
          <ns1:panel ana="#non-sequitur #macro" characters="#doraemon #noby #sneech" chapterID="v28s1">
            <ns1:caption>
         The X-Ray Scope
      </ns1:caption>
          </ns1:panel>
        </ns0:div>
        <ns0:div type="panelGrp" id="v28s1_2">
          <ns1:panel ana="#moment-to-moment #mono" characters="#noby_dad" chapterID="v28s1">
            <ns1:balloon type="speech" who="#noby_dad">
         What are you doing up there? I need it now.
      </ns1:balloon>
            <ns0:sound>Grumble</ns0:sound>
            <ns0:sound>Grumble</ns0:sound>
          </ns1:panel>
          <ns1:panel ana="#action-to-action #macro" characters="#noby_dad #doraemon #noby" chapterID="v28s1">
            <ns1:balloon type="speech" who="#noby_dad">
         Still can't find it?
      </ns1:balloon>
            <ns1:balloon type="speech" who="#noby">
         I'm still looking!
      </ns1:balloon>
          </ns1:panel>
          <ns1:panel ana="#action-to-action #mono" characters="#noby_dad #doraemon" chapterID="v28s1">
            <ns1:balloon type="speech" who="#noby_dad">
         C'mon, hurry up!
      </ns1:balloon>
            <ns1:balloon type="speech" who="#doraemon">
         Maybe I can help.
      </ns1:balloon>
          </ns1:panel>
          <ns1:panel ana="#moment-to-moment #macro" characters="#doraemon #noby" chapterID="v28s1">
   </ns1:panel>
          <ns1:panel ana="#moment-to-moment #macro" characters="#doraemon #noby" chapterID="v28s1">
            <ns1:balloon type="speech" who="#doraemon">
         Hey! Quit zoning out and keep looking! 
      </ns1:balloon>
          </ns1:panel>
          <ns1:panel ana="#moment-to-moment #mono" characters="#doraemon" chapterID="v28s1">
            <ns1:balloon type="speech" who="#doraemon">
         What exactly did he lose?
      </ns1:balloon>
          </ns1:panel>
          <ns1:panel ana="#moment-to-moment #macro" characters="#doraemon #noby" chapterID="v28s1">
            <ns1:balloon type="speech" who="#doraemon">
         Dad's fountain pen?
      </ns1:balloon>
            <ns1:balloon type="speech" who="#noby">
         And I know I won't find it...
      </ns1:balloon>
          </ns1:panel>
        </ns0:div>
        <ns0:div type="panelGrp" id="v28s1_3">
          <ns1:panel ana="#moment-to-moment #macro" characters="#doraemon #noby" chapterID="v28s1">
            <ns1:balloon type="speech" who="#noby">
         Because I snuck it out and forgot it at Sneech's house.
      </ns1:balloon>
          </ns1:panel>
          <ns1:panel ana="#moment-to-moment #macro" characters="#doraemon #noby" chapterID="v28s1">
            <ns1:balloon type="speech" who="#doraemon">
         So ask him for it back.
      </ns1:balloon>
            <ns1:balloon type="speech" who="#noby">
         I did.
      </ns1:balloon>
            <ns1:balloon type="speech" who="#noby">
         He said it isn't there.
      </ns1:balloon>
          </ns1:panel>
          <ns1:panel ana="#action-to-action #mono" characters="#noby" chapterID="v28s1">
            <ns1:balloon type="speech" who="#noby">
         He's lying. It HAS to be.
      </ns1:balloon>
          </ns1:panel>
          <ns1:panel ana="#action-to-action #mono" characters="#noby" chapterID="v28s1">
            <ns1:balloon type="speech" who="#noby">
         But he's too lazy to look for it.
      </ns1:balloon>
          </ns1:panel>
          <ns1:panel ana="#action-to-action #macro" characters="#noby #doraemon" chapterID="v28s1">
            <ns1:balloon type="speech" who="#doraemon">
         So let's look ourselves.
      </ns1:balloon>
          </ns1:panel>
          <ns1:panel ana="#subject-to-subject #micro" characters="#doraemon" chapterID="v28s1">
            <ns1:balloon type="speech" who="#doraemon">
         With this telescope.
      </ns1:balloon>
          </ns1:panel>
          <ns1:panel ana="#subject-to-subject #macro" characters="#doraemon #noby" chapterID="v28s1">
            <ns1:balloon type="speech" who="#noby">
         You're dumber than I thought.
      </ns1:balloon>
          </ns1:panel>
          <ns1:panel ana="#action-to-action #macro" characters="#doraemon #noby" chapterID="v28s1">
            <ns1:balloon type="speech" who="#noby">
         Sneech's house is way over there, and the view is blocked anyway.
      </ns1:balloon>
          </ns1:panel>
        </ns0:div>
        <ns0:div type="panelGrp" id="v28s1_4">
          <ns1:panel ana="#action-to-action #macro" characters="#doraemon #noby" chapterID="v28s1">
            <ns1:balloon type="speech" who="#doraemon">
         Turn this dial.
      </ns1:balloon>
          </ns1:panel>
          <ns1:panel ana="#action-to-action #macro" characters="#doraemon #noby" chapterID="v28s1">
            <ns1:balloon type="speech" who="#doraemon">
         The more you do, the more you can see through.
      </ns1:balloon>
            <ns1:balloon type="speech" who="#noby">
         Really?
      </ns1:balloon>
          </ns1:panel>
          <ns1:panel ana="#subject-to-subject #mono" characters="#koike #noby" chapterID="v28s1">
            <ns1:balloon type="speech" who="#noby">
         OK, let's try Mr. Koike's house.
      </ns1:balloon>
          </ns1:panel>
          <ns1:panel ana="#subject-to-subject #micro" characters="" chapterID="v28s1">
            <ns0:sound>KLIK</ns0:sound>
          </ns1:panel>
          <ns1:panel ana="#subject-to-subject #mono" characters="#koike #noby" chapterID="v28s1">
            <ns1:balloon type="speech" who="#noby">
         Hey! I can see inside.
      </ns1:balloon>
          </ns1:panel>
          <ns1:panel ana="#subject-to-subject #micro" characters="" chapterID="v28s1">
            <ns0:sound>KLIK</ns0:sound>
          </ns1:panel>
          <ns1:panel ana="#subject-to-subject #micro" characters="#noby" chapterID="v28s1">
            <ns1:balloon type="speech" who="#noby">
         What the...?
      </ns1:balloon>
            <ns1:balloon type="speech" who="#noby">
         Ah, it's inside the closet.
      </ns1:balloon>
          </ns1:panel>
          <ns1:panel ana="#subject-to-subject #micro" characters="" chapterID="v28s1">
            <ns0:sound>KLIK</ns0:sound>
          </ns1:panel>
          <ns1:panel ana="#subject-to-subject #micro" characters="#noby" chapterID="v28s1">
            <ns1:balloon type="speech" who="#noby">
         So that's the house on the other side.
      </ns1:balloon>
          </ns1:panel>
          <ns1:panel ana="#subject-to-subject #macro" characters="#doraemon #noby" chapterID="v28s1">
            <ns1:balloon type="speech" who="#noby">
         This is cool.
      </ns1:balloon>
            <ns1:balloon type="speech" who="#doraemon">
         Wha'd I tell you?
      </ns1:balloon>
          </ns1:panel>
        </ns0:div>
        <ns0:div type="panelGrp" id="v28s1_5">
          <ns1:panel ana="#subject-to-subject #mono" characters="#noby_dad" chapterID="v28s1">
            <ns1:balloon type="speech" who="#noby_dad">
         That pen was German. It's expensive.
      </ns1:balloon>
          </ns1:panel>
          <ns1:panel ana="#subject-to-subject #macro" characters="#doraemon #noby" chapterID="v28s1">
            <ns1:balloon type="speech" who="#doraemon">
         Uh oh. You'd better hurry up.
      </ns1:balloon>
          </ns1:panel>
          <ns1:panel ana="#subject-to-subject #mono" characters="#unknown #noby" chapterID="v28s1">
            <ns1:balloon type="speech" who="#noby">
         He fell asleep reading.
      </ns1:balloon>
          </ns1:panel>
          <ns1:panel ana="#moment-to-moment #micro" characters="#noby" chapterID="v28s1">
            <ns1:balloon type="speech" who="#noby">
         Hm, this is good.
      </ns1:balloon>
          </ns1:panel>
          <ns1:panel ana="#subject-to-subject #macro" characters="#doraemon #noby" chapterID="v28s1">
            <ns0:sound>GRR</ns0:sound>
          </ns1:panel>
          <ns1:panel ana="#action-to-action #mono" characters="#noby" chapterID="v28s1">
   </ns1:panel>
          <ns1:panel ana="#action-to-action #mono" characters="#noby" chapterID="v28s1">
            <ns1:balloon type="speech" who="#noby">
         Why can't he wake up and turn the page!?
      </ns1:balloon>
          </ns1:panel>
          <ns1:panel ana="#action-to-action #macro" characters="#noby_dad #doraemon #noby" chapterID="v28s1">
            <ns1:balloon type="speech" who="#noby_dad">
         Any sign of my pen?
      </ns1:balloon>
          </ns1:panel>
          <ns1:panel ana="#scene-to-scene #macro" characters="#doraemon #noby" chapterID="v28s1">
            <ns1:balloon type="speech" who="#doraemon">
         Let me try.
      </ns1:balloon>
          </ns1:panel>
        </ns0:div>
        <ns0:div type="panelGrp" id="v28s1_6">
          <ns1:panel ana="#subject-to-subject #micro" characters="" chapterID="v28s1">
            <ns0:sound>KLIK</ns0:sound>
          </ns1:panel>
          <ns1:panel ana="#subject-to-subject #macro" characters="#unknown #unknown #doraemon" chapterID="v28s1">
            <ns1:balloon type="speech" who="#doraemon">
         An argument.
      </ns1:balloon>
          </ns1:panel>
          <ns1:panel ana="#scene-to-scene #macro" characters="#doraemon #noby" chapterID="v28s1">
            <ns1:balloon type="speech" who="#doraemon">
         If you hold like this, you can listen too.
      </ns1:balloon>
          </ns1:panel>
          <ns1:panel ana="#scene-to-scene #macro" characters="#unknown #unknown" chapterID="v28s1">
            <ns1:balloon type="speech" who="#unknown">
         YOU SHUT UP
      </ns1:balloon>
            <ns1:balloon type="speech" who="#unknown">
         B-but honey...
      </ns1:balloon>
          </ns1:panel>
          <ns1:panel ana="#scene-to-scene #macro" characters="#doraemon #noby" chapterID="v28s1">
   </ns1:panel>
          <ns1:panel ana="#action-to-action #macro" characters="#doraemon #noby" chapterID="v28s1">
            <ns1:balloon type="speech" who="#doraemon">
         Ma'am, it's obvious you're husband's right!
      </ns1:balloon>
          </ns1:panel>
          <ns1:panel ana="#subject-to-subject #micro" characters="" chapterID="v28s1">
            <ns0:sound>KLIK</ns0:sound>
          </ns1:panel>
          <ns1:panel ana="#subject-to-subject #macro" characters="#doraemon #noby" chapterID="v28s1">
            <ns1:balloon type="speech" who="#doraemon">
         Gasp!
      </ns1:balloon>
            <ns1:balloon type="speech" who="#noby">
         What? What?
      </ns1:balloon>
          </ns1:panel>
          <ns1:panel ana="#scene-to-scene #mono" characters="#shizuka" chapterID="v28s1">
   </ns1:panel>
          <ns1:panel ana="#scene-to-scene #macro" characters="#doraemon #noby" chapterID="v28s1">
            <ns1:balloon type="speech" who="#noby">
         Show me!
      </ns1:balloon>
            <ns1:balloon type="speech" who="#doraemon">
         No way.
      </ns1:balloon>
          </ns1:panel>
        </ns0:div>
        <ns0:div type="panelGrp" id="v28s1_7">
          <ns1:panel ana="#moment-to-moment #macro" characters="#doraemon #noby #noby_dad" chapterID="v28s1">
            <ns1:balloon type="speech" who="#doraemon">
         We'll find it soon!
      </ns1:balloon>
          </ns1:panel>
          <ns1:panel ana="#subject-to-subject #micro" characters="" chapterID="v28s1">
            <ns0:sound>KLIK</ns0:sound>
            <ns0:sound>KLIK</ns0:sound>
            <ns0:sound>KLIK</ns0:sound>
          </ns1:panel>
          <ns1:panel ana="#subject-to-subject #micro" characters="#doraemon" chapterID="v28s1">
            <ns1:balloon type="speech" who="#doraemon">
         There!
      </ns1:balloon>
          </ns1:panel>
          <ns1:panel ana="#scene-to-scene #macro" characters="#doraemon #noby #sneech" chapterID="v28s1">
            <ns1:balloon type="speech" who="#noby">
         It fell behind your dresser.
      </ns1:balloon>
            <ns1:balloon type="speech" who="#sneech">
         I told you I don't have it!
      </ns1:balloon>
          </ns1:panel>
          <ns1:panel ana="#action-to-action #macro" characters="#doraemon #sneech #sneech_mum" chapterID="v28s1">
            <ns1:balloon type="speech" who="#sneech_mum">
         Suneo. Where's my wallet?
      </ns1:balloon>
            <ns1:balloon type="speech" who="#sneech">
         Don't ask me!
      </ns1:balloon>
          </ns1:panel>
          <ns1:panel ana="#action-to-action #macro" characters="#doraemon #sneech #sneech_mum" chapterID="v28s1">
            <ns1:balloon type="speech" who="#doraemon">
         It's behind his dresser with the fountain pen.
      </ns1:balloon>
          </ns1:panel>
          <ns1:panel ana="#moment-to-moment #mono" characters="#sneech_mum" chapterID="v28s1">
            <ns1:balloon type="speech" who="#sneech_mum">
         How did you know?
      </ns1:balloon>
          </ns1:panel>
          <ns1:panel ana="#moment-to-moment #macro" characters="#doraemon #sneech #sneech_mum #noby" chapterID="v28s1">
            <ns1:balloon type="speech" who="#sneech_mum">
         Something's not right here...
      </ns1:balloon>
            <ns1:balloon type="speech" who="#doraemon">
         Hey, whatever. We all found what we were looking for.
      </ns1:balloon>
          </ns1:panel>
        </ns0:div>
      </ns0:div>
      <ns0:div type="chapter" id="v198s5">
        <ns0:div type="panelGrp" id="v198s5_1">
          <ns1:panel ana="#scene-to-scene #macro" characters="#doraemon #noby #noby_mum" chapterID="v198s5">
            <ns1:caption>
            What Time is It?
         </ns1:caption>
            <ns1:balloon type="speech" who="#noby_mum">
            3 o'clock! Snack Time.
         </ns1:balloon>
            <ns1:balloon type="speech" who="#noby">
            Yay!
         </ns1:balloon>
          </ns1:panel>
        </ns0:div>
        <ns0:div type="panelGrp" id="v198s5_2">
          <ns1:panel ana="#action-to-action #macro" characters="#doraemon #noby" chapterID="v198s5">
            <ns1:balloon type="speech" who="#doraemon">
            That was good.
         </ns1:balloon>
            <ns1:balloon type="speech" who="#noby">
            I want more.
         </ns1:balloon>
          </ns1:panel>
          <ns1:panel ana="#action-to-action #macro" characters="#doraemon #noby" chapterID="v198s5">
            <ns1:balloon type="speech" who="#doraemon">
            Well, then.
         </ns1:balloon>
          </ns1:panel>
          <ns1:panel ana="#action-to-action #mono" characters="#doraemon" chapterID="v198s5">
            <ns1:balloon type="speech" who="#doraemon">
            Let's make it 3 o'clock again!
         </ns1:balloon>
            <ns0:sound>SPIN</ns0:sound>
          </ns1:panel>
        </ns0:div>
        <ns0:div type="panelGrp" id="v198s5_3">
          <ns1:panel ana="#scene-to-scene #macro" characters="#doraemon #noby #noby_mum" chapterID="v198s5">
            <ns1:balloon type="speech" who="#noby_mum">
            3 o'clock! Snack time.
         </ns1:balloon>
            <ns1:balloon type="speech" who="#doraemon">
            See?
         </ns1:balloon>
          </ns1:panel>
          <ns1:panel ana="#scene-to-scene #macro" characters="#doraemon #noby" chapterID="v198s5">
            <ns1:balloon type="speech" who="#doraemon">
            Go again?
         </ns1:balloon>
            <ns1:balloon type="speech" who="#noby">
            Let me try!
         </ns1:balloon>
          </ns1:panel>
          <ns1:panel ana="#scene-to-scene #macro" characters="#doraemon #noby #noby_mum" chapterID="v198s5">
            <ns1:balloon type="speech" who="#noby_mum">
            3 o'clock......
         </ns1:balloon>
            <ns1:balloon type="speech" who="#noby_mum">
            Something isn't right...
         </ns1:balloon>
          </ns1:panel>
        </ns0:div>
        <ns0:div type="panelGrp" id="v198s5_4">
          <ns1:panel ana="#scene-to-scene #macro" characters="#doraemon #noby #noby_mum" chapterID="v198s5">
            <ns0:sound>SPIN</ns0:sound>
            <ns1:balloon type="speech" who="#noby_mum">
            Bedtime.
         </ns1:balloon>
            <ns1:balloon type="speech" who="#noby">
            I wanna play more!
         </ns1:balloon>
          </ns1:panel>
          <ns1:panel ana="#scene-to-scene #macro" characters="#doraemon #noby #noby_mum" chapterID="v198s5">
            <ns1:balloon type="speech" who="#doraemon">
            It's daytime again!
         </ns1:balloon>
            <ns1:balloon type="speech" who="#noby_mum">
            What a strange day...
         </ns1:balloon>
          </ns1:panel>
        </ns0:div>
      </ns0:div>
      <ns0:div type="chapter" id="v27s3">
        <ns0:div type="panelGrp" id="v27s3_1">
          <ns1:panel ana="#subject-to-subject #macro" characters="#sneech #shizuka #big_g" chapterID="v27s3">
            <ns1:balloon type="speech" who="#sneech">
                            I’m gonna be a pro surfer in Hawaii
                        </ns1:balloon>
            <ns1:balloon type="speech" who="#shizuka">
                            I’m going to finish my pressed flower collection.
                        </ns1:balloon>
            <ns1:balloon type="speech" who="#big_g">
                            My goal this summer is to swim 100 meters.
                        </ns1:balloon>
          </ns1:panel>
          <ns1:panel ana="#subject-to-subject #macro" characters="#shizuka #noby" chapterID="v27s3">
            <ns1:balloon type="speech" who="#shizuka">
                            What about you, Noby?
                        </ns1:balloon>
          </ns1:panel>
          <ns1:panel ana="#moment-to-moment #mono" characters="#noby" chapterID="v27s3">
            <ns1:balloon type="speech" who="#noby">
                            You can read all about it in the papers and see it on TV.
                        </ns1:balloon>
          </ns1:panel>
          <ns1:panel ana="#moment-to-moment #mono" characters="#noby" chapterID="v27s3">
            <ns1:balloon type="speech" who="#noby">
                            In fact, I’ll be holding a press conference.
                        </ns1:balloon>
          </ns1:panel>
          <ns1:panel ana="#action-to-action #micro" characters="#noby #shizuka #big_g" chapterID="v27s3">
            <ns1:balloon type="speech" who="#noby">
                            When I do things, I like to do ’em big. Not like this kiddie stuff you guys are doing.
                        </ns1:balloon>
            <ns1:balloon type="speech" who="#shizuka">
                            Well, you know…
                        </ns1:balloon>
          </ns1:panel>
        </ns0:div>
        <ns0:div type="panelGrp" id="v27s3_2">
          <ns1:panel ana="#scene-to-scene #macro" characters="#noby" chapterID="v27s3">
            <ns1:balloon type="speech" who="#noby">
                            I’m walking from Japan to San Francisco.
                        </ns1:balloon>
            <ns1:balloon type="speech" who="#noby">
                            Crossing the bottom of the Pacific by foot!
                        </ns1:balloon>
          </ns1:panel>
          <ns1:panel ana="#moment-to-moment #micro" characters="#noby" chapterID="v27s3">
            <ns1:balloon type="speech" who="#noby">
                            It’ll be huge!
                        </ns1:balloon>
            <ns1:balloon type="speech" who="#noby">
                            A world first!
                        </ns1:balloon>
          </ns1:panel>
        </ns0:div>
        <ns0:div type="panelGrp" id="v27s3_4">
          <ns1:panel ana="#scene-to-scene #macro" characters="" chapterID="v27s3">
            <ns1:balloon type="speech" who="">
                            HAVE A GOOD TRIP
                        </ns1:balloon>
          </ns1:panel>
          <ns1:panel ana="#subject-to-subject #macro" characters="#noby #noby_dad" chapterID="v27s3">
            <ns1:balloon type="speech" who="#noby_dad">
                            What are you doing out at this hour!?
                        </ns1:balloon>
          </ns1:panel>
        </ns0:div>
        <ns0:div type="panelGrp" id="v27s3_5" Title="Page">
          <ns1:panel ana="#scene-to-scene #macro" characters="#noby #dorami" chapterID="v27s3">
            <ns1:caption>
                            The Undersea Hike
                        </ns1:caption>
          </ns1:panel>
        </ns0:div>
      </ns0:div>
      <ns0:div type="chapter" id="v28s5">
        <ns0:div type="panelGrp" id="v28s5_1">
          <ns1:panel ana="#macro" characters="#noby #shizuka #big_g #sneech" chapterID="v28s5">
            <ns0:sound>KLIK</ns0:sound>
          </ns1:panel>
          <ns1:panel ana="#aspect-to-aspect #micro" characters="#tape_recorder" chapterID="v28s5">
            <ns1:balloon type="speech" who="#tape_recorder">
                     How have you been, Sneech?
                  </ns1:balloon>
          </ns1:panel>
          <ns1:panel ana="#aspect-to-aspect #mono" characters="#noby #shizuka #big_g #tape_recorder" chapterID="v28s5">
            <ns1:balloon type="speech" who="#tape_recorder">
                     It's been six months since I left Japan.
                  </ns1:balloon>
          </ns1:panel>
          <ns1:panel ana="#aspect-to-aspect #mono" characters="#sneech #tape_recorder" chapterID="v28s5">
            <ns1:balloon type="speech" who="#tape_recorder">
                     Today, I'm sending you rare music from Brazil.
                  </ns1:balloon>
          </ns1:panel>
          <ns1:panel ana="#aspect-to-aspect #macro" characters="#noby #shizuka #big_g #tape_recorder #sneech" chapterID="v28s5">
            <ns1:balloon type="speech" who="#sneech">
                     After Mizuno moved to Brazil, we started sending each other tapes.
                  </ns1:balloon>
            <ns1:balloon type="speech" who="#shizuka">
                     That's so cool!
                  </ns1:balloon>
            <ns1:balloon type="speech" who="#noby">
                     It's great to hear his voice again.
                  </ns1:balloon>
            <ns0:sound>RARE MUSIC</ns0:sound>
          </ns1:panel>
        </ns0:div>
        <ns0:div type="panelGrp" id="v28s5_2">
          <ns1:panel ana="#mono" characters="#noby #shizuka #big_g" chapterID="v28s5">
            <ns1:balloon type="speech" who="#shizuka">
                     Can you lend it to me?
                  </ns1:balloon>
            <ns1:balloon type="speech" who="#big_g">
                     And me!
                  </ns1:balloon>
            <ns1:balloon type="speech" who="#noby">
                     Me too!
                  </ns1:balloon>
          </ns1:panel>
          <ns1:panel ana="#scene-to-scene #macro" characters="#noby #shizuka #big_g" chapterID="v28s5">
            <ns1:balloon type="speech" who="#noby">
                     I forgot. We don't have a tape recorder.
                  </ns1:balloon>
          </ns1:panel>
        </ns0:div>
        <ns0:div type="panelGrp" id="v28s5_3">
          <ns1:panel ana="#macro" characters="#noby #noby_mum" chapterID="v28s5">
            <ns1:balloon type="speech" who="#noby_mum">
                     Why do we need a tape recorder?
                  </ns1:balloon>
          </ns1:panel>
          <ns1:panel ana="#action-to-action #macro" characters="#noby #noby_mum" chapterID="v28s5">
            <ns1:balloon type="speech" who="#noby_mum">
                     Never mind that. Did you do your homework? No playing until it's done.
                  </ns1:balloon>
            <ns1:balloon type="speech" who="#noby">
                     Aww.
                  </ns1:balloon>
          </ns1:panel>
          <ns1:panel ana="#aspect-to-aspect #mono" characters="#noby" chapterID="v28s5">
            <ns1:balloon type="speech" who="#noby">
                     Every time I see her it's homework this, homework that.
                  </ns1:balloon>
          </ns1:panel>
          <ns1:panel ana="#action-to-action #mono" characters="#noby" chapterID="v28s5">
            <ns1:balloon type="speech" who="#noby">
                     She's like a tape recorder herself.
                  </ns1:balloon>
          </ns1:panel>
          <ns1:panel ana="#action-to-action #mono" characters="#noby" chapterID="v28s5">
            <ns1:balloon type="speech" who="#noby">
                     Man... I really want one.
                  </ns1:balloon>
          </ns1:panel>
          <ns1:panel ana="#scene-to-scene #macro" characters="#noby #doraemon" chapterID="v28s5">
            <ns1:balloon type="speech" who="#noby">
                     blah blah blah blah (complaining)
                  </ns1:balloon>
          </ns1:panel>
          <ns1:panel ana="#action-to-action #mono" characters="#doraemon" chapterID="v28s5">
               </ns1:panel>
          <ns1:panel ana="#action-to-action #macro" characters="#noby #doraemon" chapterID="v28s5">
            <ns1:balloon type="speech" who="#noby">
                     blah blah blah blah
                  </ns1:balloon>
            <ns0:sound>SLIDE</ns0:sound>
          </ns1:panel>
          <ns1:panel ana="#action-to-action #mono" characters="#noby" chapterID="v28s5">
            <ns1:balloon type="speech" who="#noby">
                     ? What's this?
                  </ns1:balloon>
          </ns1:panel>
        </ns0:div>
        <ns0:div type="panelGrp" id="v28s5_4">
          <ns1:panel ana="#mono" characters="#noby #doraemon" chapterID="v28s5">
            <ns0:sound>KLIK</ns0:sound>
          </ns1:panel>
          <ns1:panel ana="#action-to-action #mono" characters="#doraemon" chapterID="v28s5">
            <ns0:sound>FLOAT</ns0:sound>
          </ns1:panel>
          <ns1:panel ana="#action-to-action #mono" characters="#doraemon" chapterID="v28s5">
               </ns1:panel>
          <ns1:panel ana="#action-to-action #micro" characters="#doraemon" chapterID="v28s5">
            <ns0:sound>POW</ns0:sound>
          </ns1:panel>
          <ns1:panel ana="#moment-to-moment #macro" characters="#noby #doraemon" chapterID="v28s5">
            <ns1:balloon type="speech" who="#noby">
                     blah blah blah blah...What's this?
                  </ns1:balloon>
            <ns1:balloon type="speech" who="#doraemon">
                     It's called a "BubbleCoder". It makes bubbles out of your voice.
                  </ns1:balloon>
          </ns1:panel>
          <ns1:panel ana="#action-to-action #macro" characters="#noby #doraemon" chapterID="v28s5">
            <ns1:balloon type="speech" who="#noby">
                     I can't wait to show everyone.
                  </ns1:balloon>
          </ns1:panel>
          <ns1:panel ana="#scene-to-scene #macro" characters="#noby #noby_mum" chapterID="v28s5">
            <ns1:balloon type="speech" who="#noby_mum">
                     Did you finish your homework?
                  </ns1:balloon>
          </ns1:panel>
          <ns1:panel ana="#scene-to-scene #macro" characters="#noby #doraemon" chapterID="v28s5">
            <ns1:balloon type="speech" who="#noby">
                     I don't see why I can't do it at night.
                  </ns1:balloon>
          </ns1:panel>
          <ns1:panel ana="#action-to-action #mono" characters="#noby" chapterID="v28s5">
            <ns1:balloon type="speech" who="#noby">
                     That's it!
                  </ns1:balloon>
          </ns1:panel>
        </ns0:div>
        <ns0:div type="panelGrp" id="v28s5_5">
          <ns1:panel ana="#macro" characters="#noby #doraemon" chapterID="v28s5">
            <ns1:balloon type="speech" who="#noby">
                     I'll go play after I finish my homework. I'm going to study hard. I love
                     studying. Homework is so much fun. I'm not gonna rest until it's all done!
                  </ns1:balloon>
            <ns1:balloon type="speech" who="#doraemon">
                     ?
                  </ns1:balloon>
          </ns1:panel>
          <ns1:panel ana="#action-to-action #mono" characters="#noby #doraemon" chapterID="v28s5">
            <ns0:sound>FLOAT</ns0:sound>
          </ns1:panel>
          <ns1:panel ana="#action-to-action #mono" characters="#noby #doraemon" chapterID="v28s5">
            <ns1:balloon type="speech" who="#noby">
                     Can you pop these for me while I'm out?
                  </ns1:balloon>
          </ns1:panel>
          <ns1:panel ana="#scene-to-scene #macro" characters="#noby" chapterID="v28s5">
            <ns1:balloon type="speech" who="#noby">
                     I'm off to have some fun.
                  </ns1:balloon>
            <ns0:sound>TIP TOE</ns0:sound>
          </ns1:panel>
          <ns1:panel ana="#aspect-to-aspect #mono" characters="#noby_mum" chapterID="v28s5">
            <ns1:balloon type="speech" who="#noby_mum">
                     Hello?
                  </ns1:balloon>
            <ns0:sound>SLAM</ns0:sound>
          </ns1:panel>
          <ns1:panel ana="#action-to-action #macro" characters="#noby_mum" chapterID="v28s5">
            <ns1:balloon type="speech" who="#noby_mum">
                     Noby better not have run off again.
                  </ns1:balloon>
          </ns1:panel>
          <ns1:panel ana="#scene-to-scene #mono" characters="#doraemon" chapterID="v28s5">
            <ns0:sound>POW POW</ns0:sound>
          </ns1:panel>
          <ns1:panel ana="#scene-to-scene #macro" characters="#noby_mum" chapterID="v28s5">
            <ns1:balloon type="speech" who="#noby_mum">
                     What a good boy. I will bring him a snack later.
                  </ns1:balloon>
            <ns0:sound>I'M GOING TO STUDY HARD. I'LL GO PLAY AFTER I FINISH MY HOMEWORK.</ns0:sound>
          </ns1:panel>
        </ns0:div>
        <ns0:div type="panelGrp" id="v28s5_6">
          <ns1:panel ana="#mono" characters="#shizuka" chapterID="v28s5">
            <ns1:balloon type="speech" who="#shizuka">
                     Big G took the tape and won't give it back.
                  </ns1:balloon>
          </ns1:panel>
          <ns1:panel ana="#aspect-to-aspect #mono" characters="#sneech" chapterID="v28s5">
            <ns1:balloon type="speech" who="#sneech">
                     Then he hit me and took my tape recorder!
                  </ns1:balloon>
          </ns1:panel>
          <ns1:panel ana="#aspect-to-aspect #mono" characters="#noby" chapterID="v28s5">
            <ns1:balloon type="speech" who="#noby">
                     Who does that guy he think he is?
                  </ns1:balloon>
          </ns1:panel>
          <ns1:panel ana="#action-to-action #macro" characters="#noby #shizuka #sneech" chapterID="v28s5">
            <ns1:balloon type="speech" who="#noby">
                     This is our chance to say what we really think of him.
                  </ns1:balloon>
            <ns1:balloon type="speech" who="#sneech">
                     What good will that do?
                  </ns1:balloon>
          </ns1:panel>
          <ns1:panel ana="#scene-to-scene #mono" characters="#big_g" chapterID="v28s5">
            <ns1:balloon type="speech" who="#big_g">
                     The only one I love is me...
                  </ns1:balloon>
            <ns0:sound>MUSIC</ns0:sound>
          </ns1:panel>
          <ns1:panel ana="#scene-to-scene #macro" characters="#big_g" chapterID="v28s5">
            <ns1:balloon type="speech" who="#big_g">
                     No matter how much I listen... MY singin' still moves me.
                  </ns1:balloon>
            <ns0:sound>SNIFF</ns0:sound>
          </ns1:panel>
          <ns1:panel ana="#action-to-action #macro" characters="#big_g" chapterID="v28s5">
            <ns0:sound>FLOAT</ns0:sound>
            <ns1:balloon type="speech" who="#big_g">
                     ?
                  </ns1:balloon>
          </ns1:panel>
          <ns1:panel ana="#action-to-action #mono" characters="#big_g" chapterID="v28s5">
            <ns0:sound>POW</ns0:sound>
          </ns1:panel>
          <ns1:panel ana="#moment-to-moment #mono" characters="#big_g" chapterID="v28s5">
            <ns0:sound>BIG G'S A BIG JERK!</ns0:sound>
          </ns1:panel>
          <ns1:panel ana="#action-to-action #mono" characters="#big_g" chapterID="v28s5">
            <ns1:balloon type="speech" who="#big_g">
                     Who said that?!
                  </ns1:balloon>
            <ns0:sound>GLARE</ns0:sound>
          </ns1:panel>
        </ns0:div>
        <ns0:div type="panelGrp" id="v28s5_7">
          <ns1:panel ana="#macro" characters="#noby #shizuka #sneech" chapterID="v28s5">
            <ns1:balloon type="speech" who="#sneech">
                     Heh heh.
                  </ns1:balloon>
            <ns1:balloon type="speech" who="#noby">
                     He's freaking out!
                  </ns1:balloon>
          </ns1:panel>
          <ns1:panel ana="#scene-to-scene #macro" characters="#big_g" chapterID="v28s5">
               </ns1:panel>
          <ns1:panel ana="#action-to-action #mono" characters="#big_g" chapterID="v28s5">
            <ns1:balloon type="speech" who="#big_g">
                     What's with these bubbles?
                  </ns1:balloon>
            <ns0:sound>POW POW</ns0:sound>
          </ns1:panel>
          <ns1:panel ana="#action-to-action #mono" characters="#big_g" chapterID="v28s5">
            <ns0:sound>GREEDY NASTY DUMMY GORILLA DOODOO HEAD BULLY IDIOT</ns0:sound>
          </ns1:panel>
          <ns1:panel ana="#action-to-action #macro" characters="#big_g #big_g_mum" chapterID="v28s5">
            <ns1:balloon type="speech" who="#big_g">
                     Who said that?! Show yourself!
                  </ns1:balloon>
            <ns1:balloon type="speech" who="#big_g_mum">
                     And just what do you think you're doin'?!
                  </ns1:balloon>
            <ns0:sound>AARGH CRASH BANG</ns0:sound>
          </ns1:panel>
        </ns0:div>
        <ns0:div type="panelGrp" id="v28s5_8">
          <ns1:panel ana="#macro" characters="#doraemon #noby_mum" chapterID="v28s5">
            <ns1:balloon type="speech" who="#doraemon">
                     T-this wasn't my idea, I swear!
                  </ns1:balloon>
            <ns1:balloon type="speech" who="#noby_mum">
                     Hmph! What on earth... ...am I going to do with that boy?!
                  </ns1:balloon>
          </ns1:panel>
          <ns1:panel ana="#scene-to-scene #macro" characters="#noby" chapterID="v28s5">
            <ns1:balloon type="speech" who="#noby">
                     Aah, that felt good.
                  </ns1:balloon>
          </ns1:panel>
          <ns1:panel ana="#scene-to-scene #macro" characters="#noby #doraemon" chapterID="v28s5">
            <ns1:balloon type="speech" who="#doraemon">
                     Your mom's ticked.
                  </ns1:balloon>
            <ns1:balloon type="speech" who="#doraemon">
                     What am I gonna do?
                  </ns1:balloon>
          </ns1:panel>
          <ns1:panel ana="#action-to-action #mono" characters="#noby #doraemon" chapterID="v28s5">
            <ns1:balloon type="speech" who="#noby">
                     You'd better apologize.
                  </ns1:balloon>
            <ns1:balloon type="speech" who="#noby">
                     I can't! I'm too scared!
                  </ns1:balloon>
          </ns1:panel>
          <ns1:panel ana="#scene-to-scene #macro" characters="#doraemon #noby_mum" chapterID="v28s5">
               </ns1:panel>
          <ns1:panel ana="#action-to-action #macro" characters="#doraemon #noby_mum #noby" chapterID="v28s5">
            <ns1:balloon type="speech" who="#doraemon">
                     Can you forgive him? See how sorry he is?
                  </ns1:balloon>
            <ns0:sound>POW I'M SORRY. FORGIVE ME. I'LL DO BETTER.</ns0:sound>
          </ns1:panel>
        </ns0:div>
      </ns0:div>
    </ns0:body>
  </ns0:text>
</ns0:TEI>